dataset_name,url,source_region,source_platform,label_format,collection,notes,durum_bizde,rol,gerekce,bizde_kaynak_adi
TSB-AD-U,https://www.thedatum.org/datasets/TSB-AD-U.zip,Global,GitHub/Web,CSV last column: Label (0/1),TSB-AD,,Eklenebilir,benchmark,"Resmi değerlendirme için indirilmeli; bizim VUS-PR yaklaşık, TimeRCD ile karşılaştırma bunu gerektirir. Eğitime asla",
TSB-AD-M,https://www.thedatum.org/datasets/TSB-AD-M.zip,Global,GitHub/Web,CSV last column: Label (0/1),TSB-AD,,Eklenebilir,benchmark,Resmi değerlendirme için indirilmeli. Not: MITDB ve CATSv2 bizim eğitimde; resmi gönderimde bunlar çıkarılmış sürüm eğitilmeli,
TSB-UAD Public v2,https://www.thedatum.org/datasets/TSB-UAD-Public-v2.zip,Global,GitHub/Web,Binary 0/1 labels,TSB-UAD,"29 datasets / 3,427 time series",Sadece değerlendirme,benchmark,TSB-AD'nin öncülü; setlerin çoğu TSB-AD ile ortak. Ek değerlendirme için,
TSB-UAD Public,https://www.thedatum.org/datasets/TSB-UAD-Public.zip,Global,GitHub/Web,Binary 0/1 labels,TSB-UAD,,Kopya / ayna,–,TSB-UAD Public v2'nin eski sürümü,
TSB-UAD Synthetic,https://www.thedatum.org/datasets/TSB-UAD-Synthetic.zip,Global,GitHub/Web,Binary 0/1 labels,TSB-UAD,,Uygun değil,–,Sentetik; kendi üreticimiz (coupled + banka) var,
TSB-UAD Artificial,https://www.thedatum.org/datasets/TSB-UAD-Artificial.zip,Global,GitHub/Web,Binary 0/1 labels,TSB-UAD,,Uygun değil,–,Yapay; kendi üreticimiz var,
TSB-UAD repository,https://github.com/TheDatumOrg/TSB-UAD,Global,GitHub/Web,Binary 0/1 labels,TSB-UAD,,Katalog / araç,–,Kod deposu,
TSB-AD repository,https://github.com/TheDatumOrg/TSB-AD,Global,GitHub/Web,CSV last column: Label (0/1),TSB-AD,,Katalog / araç,–,Kod + resmi VUS değerlendiricisi; resmi ölçüm için kullanılmalı,
TSB-UAD - Dodger,https://www.thedatum.org/datasets/TSB-UAD-Public-v2.zip,Global,GitHub/Web,Binary 0/1 labels,TSB-UAD Public v2,1 time series in published benchmark table,Sadece değerlendirme,benchmark,Benchmark ailesinde (TSB-AD/TSB-UAD/TimeEval/mTSBench); eğitime girerse ölçüm geçersiz olur,
TSB-UAD - ECG,https://www.thedatum.org/datasets/TSB-UAD-Public-v2.zip,Global,GitHub/Web,Binary 0/1 labels,TSB-UAD Public v2,53 time series in published benchmark table,Sadece değerlendirme,benchmark,Benchmark ailesinde (TSB-AD/TSB-UAD/TimeEval/mTSBench); eğitime girerse ölçüm geçersiz olur. Not: MIT-BIH (MITDB) bizim eğitimde,
TSB-UAD - IOPS / AIOps KPI,https://www.thedatum.org/datasets/TSB-UAD-Public-v2.zip,Global,GitHub/Web,Binary 0/1 labels,TSB-UAD Public v2,58 time series in published benchmark table,Sadece değerlendirme,benchmark,Benchmark ailesinde (TSB-AD/TSB-UAD/TimeEval/mTSBench); eğitime girerse ölçüm geçersiz olur,
TSB-UAD - KDD21 / UCR anomaly archive,https://www.thedatum.org/datasets/TSB-UAD-Public-v2.zip,Global,GitHub/Web,Binary 0/1 labels,TSB-UAD Public v2,250 time series in published benchmark table,Kullanılıyor,benchmark,UCR olarak zaten değerlendirmede,
TSB-UAD - MGAB,https://www.thedatum.org/datasets/TSB-UAD-Public-v2.zip,Global,GitHub/Web,Binary 0/1 labels,TSB-UAD Public v2,10 time series in published benchmark table,Sadece değerlendirme,benchmark,Sentetik kaotik seri (Mackey-Glass); Benchmark ailesinde (TSB-AD/TSB-UAD/TimeEval/mTSBench); eğitime girerse ölçüm geçersiz olur,
TSB-UAD - NAB,https://www.thedatum.org/datasets/TSB-UAD-Public-v2.zip,Global,GitHub/Web,Binary 0/1 labels,TSB-UAD Public v2,58 time series in published benchmark table,Kullanılıyor,benchmark,NAB olarak zaten değerlendirmede,
TSB-UAD - SensorScope,https://www.thedatum.org/datasets/TSB-UAD-Public-v2.zip,Global,GitHub/Web,Binary 0/1 labels,TSB-UAD Public v2,23 time series in published benchmark table,Sadece değerlendirme,benchmark,Çevre sensörü; Benchmark ailesinde (TSB-AD/TSB-UAD/TimeEval/mTSBench); eğitime girerse ölçüm geçersiz olur,
TSB-UAD - Yahoo S5,https://www.thedatum.org/datasets/TSB-UAD-Public-v2.zip,Global,GitHub/Web,Binary 0/1 labels,TSB-UAD Public v2,367 time series in published benchmark table,Sadece değerlendirme,benchmark,Araştırma lisansı; Benchmark ailesinde (TSB-AD/TSB-UAD/TimeEval/mTSBench); eğitime girerse ölçüm geçersiz olur,
TSB-UAD - NASA MSL,https://www.thedatum.org/datasets/TSB-UAD-Public-v2.zip,Global,GitHub/Web,Binary 0/1 labels,TSB-UAD Public v2,27 time series in published benchmark table,Kullanılıyor,benchmark,MSL olarak zaten değerlendirmede,
TSB-UAD - NASA SMAP,https://www.thedatum.org/datasets/TSB-UAD-Public-v2.zip,Global,GitHub/Web,Binary 0/1 labels,TSB-UAD Public v2,54 time series in published benchmark table,Kullanılıyor,benchmark,SMAP olarak zaten değerlendirmede,
TSB-UAD - Daphnet,https://www.thedatum.org/datasets/TSB-UAD-Public-v2.zip,Global,GitHub/Web,Binary 0/1 labels,TSB-UAD Public v2,45 time series in published benchmark table,Sadece değerlendirme,benchmark,Yürüme donması (giyilebilir); Benchmark ailesinde (TSB-AD/TSB-UAD/TimeEval/mTSBench); eğitime girerse ölçüm geçersiz olur,
TSB-UAD - GHL,https://www.thedatum.org/datasets/TSB-UAD-Public-v2.zip,Global,GitHub/Web,Binary 0/1 labels,TSB-UAD Public v2,126 time series in published benchmark table,Sadece değerlendirme,benchmark,Gaz ısıtma döngüsü; Benchmark ailesinde (TSB-AD/TSB-UAD/TimeEval/mTSBench); eğitime girerse ölçüm geçersiz olur,
TSB-UAD - Genesis,https://www.thedatum.org/datasets/TSB-UAD-Public-v2.zip,Global,GitHub/Web,Binary 0/1 labels,TSB-UAD Public v2,6 time series in published benchmark table,Sadece değerlendirme,benchmark,Pnömatik montaj demonstratörü; Benchmark ailesinde (TSB-AD/TSB-UAD/TimeEval/mTSBench); eğitime girerse ölçüm geçersiz olur,
TSB-UAD - MITDB,https://www.thedatum.org/datasets/TSB-UAD-Public-v2.zip,Global,GitHub/Web,Binary 0/1 labels,TSB-UAD Public v2,32 time series in published benchmark table,Kullanılıyor,eğitim,MIT-BIH bizde EĞİTİMDE (PhysioNet'ten). Resmi TSB-AD gönderiminde çıkarılmalı,mitbih
TSB-UAD - OPPORTUNITY / OPP,https://www.thedatum.org/datasets/TSB-UAD-Public-v2.zip,Global,GitHub/Web,Binary 0/1 labels,TSB-UAD Public v2,465 time series in published benchmark table,Sadece değerlendirme,benchmark,Aktivite tanıma; Benchmark ailesinde (TSB-AD/TSB-UAD/TimeEval/mTSBench); eğitime girerse ölçüm geçersiz olur,
TSB-UAD - Occupancy,https://www.thedatum.org/datasets/TSB-UAD-Public-v2.zip,Global,GitHub/Web,Binary 0/1 labels,TSB-UAD Public v2,10 time series in published benchmark table,Kullanılıyor,eğitim,UCI Occupancy bizde EĞİTİMDE (etiketsiz arka plan). TSB-UAD değerlendirmesinde kullanılacaksa çıkarılmalı,uci
TSB-UAD - SMD,https://www.thedatum.org/datasets/TSB-UAD-Public-v2.zip,Global,GitHub/Web,Binary 0/1 labels,TSB-UAD Public v2,281 time series in published benchmark table,Kullanılıyor,benchmark,SMD olarak zaten değerlendirmede,
TSB-UAD - SVDB,https://www.thedatum.org/datasets/TSB-UAD-Public-v2.zip,Global,GitHub/Web,Binary 0/1 labels,TSB-UAD Public v2,115 time series in published benchmark table,Sadece değerlendirme,benchmark,EKG; Benchmark ailesinde (TSB-AD/TSB-UAD/TimeEval/mTSBench); eğitime girerse ölçüm geçersiz olur,
KDD21 / UCR Anomaly Series 001,https://www.thedatum.org/datasets/TSB-AD-U.zip,Global,GitHub/Web,Normalized CSV Label column (0/1),KDD21/UCR via TSB-AD-U,Independent labeled time series,Kullanılıyor,benchmark,"UCR arşivinin serisi; ucr / ucr_fizyo* olarak değerlendirmede, eğitime girmez",ucr
KDD21 / UCR Anomaly Series 002,https://www.thedatum.org/datasets/TSB-AD-U.zip,Global,GitHub/Web,Normalized CSV Label column (0/1),KDD21/UCR via TSB-AD-U,Independent labeled time series,Kullanılıyor,benchmark,"UCR arşivinin serisi; ucr / ucr_fizyo* olarak değerlendirmede, eğitime girmez",ucr
KDD21 / UCR Anomaly Series 003,https://www.thedatum.org/datasets/TSB-AD-U.zip,Global,GitHub/Web,Normalized CSV Label column (0/1),KDD21/UCR via TSB-AD-U,Independent labeled time series,Kullanılıyor,benchmark,"UCR arşivinin serisi; ucr / ucr_fizyo* olarak değerlendirmede, eğitime girmez",ucr
KDD21 / UCR Anomaly Series 004,https://www.thedatum.org/datasets/TSB-AD-U.zip,Global,GitHub/Web,Normalized CSV Label column (0/1),KDD21/UCR via TSB-AD-U,Independent labeled time series,Kullanılıyor,benchmark,"UCR arşivinin serisi; ucr / ucr_fizyo* olarak değerlendirmede, eğitime girmez",ucr
KDD21 / UCR Anomaly Series 005,https://www.thedatum.org/datasets/TSB-AD-U.zip,Global,GitHub/Web,Normalized CSV Label column (0/1),KDD21/UCR via TSB-AD-U,Independent labeled time series,Kullanılıyor,benchmark,"UCR arşivinin serisi; ucr / ucr_fizyo* olarak değerlendirmede, eğitime girmez",ucr
KDD21 / UCR Anomaly Series 006,https://www.thedatum.org/datasets/TSB-AD-U.zip,Global,GitHub/Web,Normalized CSV Label column (0/1),KDD21/UCR via TSB-AD-U,Independent labeled time series,Kullanılıyor,benchmark,"UCR arşivinin serisi; ucr / ucr_fizyo* olarak değerlendirmede, eğitime girmez",ucr
KDD21 / UCR Anomaly Series 007,https://www.thedatum.org/datasets/TSB-AD-U.zip,Global,GitHub/Web,Normalized CSV Label column (0/1),KDD21/UCR via TSB-AD-U,Independent labeled time series,Kullanılıyor,benchmark,"UCR arşivinin serisi; ucr / ucr_fizyo* olarak değerlendirmede, eğitime girmez",ucr
KDD21 / UCR Anomaly Series 008,https://www.thedatum.org/datasets/TSB-AD-U.zip,Global,GitHub/Web,Normalized CSV Label column (0/1),KDD21/UCR via TSB-AD-U,Independent labeled time series,Kullanılıyor,benchmark,"UCR arşivinin serisi; ucr / ucr_fizyo* olarak değerlendirmede, eğitime girmez",ucr
KDD21 / UCR Anomaly Series 009,https://www.thedatum.org/datasets/TSB-AD-U.zip,Global,GitHub/Web,Normalized CSV Label column (0/1),KDD21/UCR via TSB-AD-U,Independent labeled time series,Kullanılıyor,benchmark,"UCR arşivinin serisi; ucr / ucr_fizyo* olarak değerlendirmede, eğitime girmez",ucr
KDD21 / UCR Anomaly Series 010,https://www.thedatum.org/datasets/TSB-AD-U.zip,Global,GitHub/Web,Normalized CSV Label column (0/1),KDD21/UCR via TSB-AD-U,Independent labeled time series,Kullanılıyor,benchmark,"UCR arşivinin serisi; ucr / ucr_fizyo* olarak değerlendirmede, eğitime girmez",ucr
KDD21 / UCR Anomaly Series 011,https://www.thedatum.org/datasets/TSB-AD-U.zip,Global,GitHub/Web,Normalized CSV Label column (0/1),KDD21/UCR via TSB-AD-U,Independent labeled time series,Kullanılıyor,benchmark,"UCR arşivinin serisi; ucr / ucr_fizyo* olarak değerlendirmede, eğitime girmez",ucr
KDD21 / UCR Anomaly Series 012,https://www.thedatum.org/datasets/TSB-AD-U.zip,Global,GitHub/Web,Normalized CSV Label column (0/1),KDD21/UCR via TSB-AD-U,Independent labeled time series,Kullanılıyor,benchmark,"UCR arşivinin serisi; ucr / ucr_fizyo* olarak değerlendirmede, eğitime girmez",ucr
KDD21 / UCR Anomaly Series 013,https://www.thedatum.org/datasets/TSB-AD-U.zip,Global,GitHub/Web,Normalized CSV Label column (0/1),KDD21/UCR via TSB-AD-U,Independent labeled time series,Kullanılıyor,benchmark,"UCR arşivinin serisi; ucr / ucr_fizyo* olarak değerlendirmede, eğitime girmez",ucr
KDD21 / UCR Anomaly Series 014,https://www.thedatum.org/datasets/TSB-AD-U.zip,Global,GitHub/Web,Normalized CSV Label column (0/1),KDD21/UCR via TSB-AD-U,Independent labeled time series,Kullanılıyor,benchmark,"UCR arşivinin serisi; ucr / ucr_fizyo* olarak değerlendirmede, eğitime girmez",ucr
KDD21 / UCR Anomaly Series 015,https://www.thedatum.org/datasets/TSB-AD-U.zip,Global,GitHub/Web,Normalized CSV Label column (0/1),KDD21/UCR via TSB-AD-U,Independent labeled time series,Kullanılıyor,benchmark,"UCR arşivinin serisi; ucr / ucr_fizyo* olarak değerlendirmede, eğitime girmez",ucr
KDD21 / UCR Anomaly Series 016,https://www.thedatum.org/datasets/TSB-AD-U.zip,Global,GitHub/Web,Normalized CSV Label column (0/1),KDD21/UCR via TSB-AD-U,Independent labeled time series,Kullanılıyor,benchmark,"UCR arşivinin serisi; ucr / ucr_fizyo* olarak değerlendirmede, eğitime girmez",ucr
KDD21 / UCR Anomaly Series 017,https://www.thedatum.org/datasets/TSB-AD-U.zip,Global,GitHub/Web,Normalized CSV Label column (0/1),KDD21/UCR via TSB-AD-U,Independent labeled time series,Kullanılıyor,benchmark,"UCR arşivinin serisi; ucr / ucr_fizyo* olarak değerlendirmede, eğitime girmez",ucr
KDD21 / UCR Anomaly Series 018,https://www.thedatum.org/datasets/TSB-AD-U.zip,Global,GitHub/Web,Normalized CSV Label column (0/1),KDD21/UCR via TSB-AD-U,Independent labeled time series,Kullanılıyor,benchmark,"UCR arşivinin serisi; ucr / ucr_fizyo* olarak değerlendirmede, eğitime girmez",ucr
KDD21 / UCR Anomaly Series 019,https://www.thedatum.org/datasets/TSB-AD-U.zip,Global,GitHub/Web,Normalized CSV Label column (0/1),KDD21/UCR via TSB-AD-U,Independent labeled time series,Kullanılıyor,benchmark,"UCR arşivinin serisi; ucr / ucr_fizyo* olarak değerlendirmede, eğitime girmez",ucr
KDD21 / UCR Anomaly Series 020,https://www.thedatum.org/datasets/TSB-AD-U.zip,Global,GitHub/Web,Normalized CSV Label column (0/1),KDD21/UCR via TSB-AD-U,Independent labeled time series,Kullanılıyor,benchmark,"UCR arşivinin serisi; ucr / ucr_fizyo* olarak değerlendirmede, eğitime girmez",ucr
KDD21 / UCR Anomaly Series 021,https://www.thedatum.org/datasets/TSB-AD-U.zip,Global,GitHub/Web,Normalized CSV Label column (0/1),KDD21/UCR via TSB-AD-U,Independent labeled time series,Kullanılıyor,benchmark,"UCR arşivinin serisi; ucr / ucr_fizyo* olarak değerlendirmede, eğitime girmez",ucr
KDD21 / UCR Anomaly Series 022,https://www.thedatum.org/datasets/TSB-AD-U.zip,Global,GitHub/Web,Normalized CSV Label column (0/1),KDD21/UCR via TSB-AD-U,Independent labeled time series,Kullanılıyor,benchmark,"UCR arşivinin serisi; ucr / ucr_fizyo* olarak değerlendirmede, eğitime girmez",ucr
KDD21 / UCR Anomaly Series 023,https://www.thedatum.org/datasets/TSB-AD-U.zip,Global,GitHub/Web,Normalized CSV Label column (0/1),KDD21/UCR via TSB-AD-U,Independent labeled time series,Kullanılıyor,benchmark,"UCR arşivinin serisi; ucr / ucr_fizyo* olarak değerlendirmede, eğitime girmez",ucr
KDD21 / UCR Anomaly Series 024,https://www.thedatum.org/datasets/TSB-AD-U.zip,Global,GitHub/Web,Normalized CSV Label column (0/1),KDD21/UCR via TSB-AD-U,Independent labeled time series,Kullanılıyor,benchmark,"UCR arşivinin serisi; ucr / ucr_fizyo* olarak değerlendirmede, eğitime girmez",ucr
KDD21 / UCR Anomaly Series 025,https://www.thedatum.org/datasets/TSB-AD-U.zip,Global,GitHub/Web,Normalized CSV Label column (0/1),KDD21/UCR via TSB-AD-U,Independent labeled time series,Kullanılıyor,benchmark,"UCR arşivinin serisi; ucr / ucr_fizyo* olarak değerlendirmede, eğitime girmez",ucr
KDD21 / UCR Anomaly Series 026,https://www.thedatum.org/datasets/TSB-AD-U.zip,Global,GitHub/Web,Normalized CSV Label column (0/1),KDD21/UCR via TSB-AD-U,Independent labeled time series,Kullanılıyor,benchmark,"UCR arşivinin serisi; ucr / ucr_fizyo* olarak değerlendirmede, eğitime girmez",ucr
KDD21 / UCR Anomaly Series 027,https://www.thedatum.org/datasets/TSB-AD-U.zip,Global,GitHub/Web,Normalized CSV Label column (0/1),KDD21/UCR via TSB-AD-U,Independent labeled time series,Kullanılıyor,benchmark,"UCR arşivinin serisi; ucr / ucr_fizyo* olarak değerlendirmede, eğitime girmez",ucr
KDD21 / UCR Anomaly Series 028,https://www.thedatum.org/datasets/TSB-AD-U.zip,Global,GitHub/Web,Normalized CSV Label column (0/1),KDD21/UCR via TSB-AD-U,Independent labeled time series,Kullanılıyor,benchmark,"UCR arşivinin serisi; ucr / ucr_fizyo* olarak değerlendirmede, eğitime girmez",ucr
KDD21 / UCR Anomaly Series 029,https://www.thedatum.org/datasets/TSB-AD-U.zip,Global,GitHub/Web,Normalized CSV Label column (0/1),KDD21/UCR via TSB-AD-U,Independent labeled time series,Kullanılıyor,benchmark,"UCR arşivinin serisi; ucr / ucr_fizyo* olarak değerlendirmede, eğitime girmez",ucr
KDD21 / UCR Anomaly Series 030,https://www.thedatum.org/datasets/TSB-AD-U.zip,Global,GitHub/Web,Normalized CSV Label column (0/1),KDD21/UCR via TSB-AD-U,Independent labeled time series,Kullanılıyor,benchmark,"UCR arşivinin serisi; ucr / ucr_fizyo* olarak değerlendirmede, eğitime girmez",ucr
KDD21 / UCR Anomaly Series 031,https://www.thedatum.org/datasets/TSB-AD-U.zip,Global,GitHub/Web,Normalized CSV Label column (0/1),KDD21/UCR via TSB-AD-U,Independent labeled time series,Kullanılıyor,benchmark,"UCR arşivinin serisi; ucr / ucr_fizyo* olarak değerlendirmede, eğitime girmez",ucr
KDD21 / UCR Anomaly Series 032,https://www.thedatum.org/datasets/TSB-AD-U.zip,Global,GitHub/Web,Normalized CSV Label column (0/1),KDD21/UCR via TSB-AD-U,Independent labeled time series,Kullanılıyor,benchmark,"UCR arşivinin serisi; ucr / ucr_fizyo* olarak değerlendirmede, eğitime girmez",ucr
KDD21 / UCR Anomaly Series 033,https://www.thedatum.org/datasets/TSB-AD-U.zip,Global,GitHub/Web,Normalized CSV Label column (0/1),KDD21/UCR via TSB-AD-U,Independent labeled time series,Kullanılıyor,benchmark,"UCR arşivinin serisi; ucr / ucr_fizyo* olarak değerlendirmede, eğitime girmez",ucr
KDD21 / UCR Anomaly Series 034,https://www.thedatum.org/datasets/TSB-AD-U.zip,Global,GitHub/Web,Normalized CSV Label column (0/1),KDD21/UCR via TSB-AD-U,Independent labeled time series,Kullanılıyor,benchmark,"UCR arşivinin serisi; ucr / ucr_fizyo* olarak değerlendirmede, eğitime girmez",ucr
KDD21 / UCR Anomaly Series 035,https://www.thedatum.org/datasets/TSB-AD-U.zip,Global,GitHub/Web,Normalized CSV Label column (0/1),KDD21/UCR via TSB-AD-U,Independent labeled time series,Kullanılıyor,benchmark,"UCR arşivinin serisi; ucr / ucr_fizyo* olarak değerlendirmede, eğitime girmez",ucr
KDD21 / UCR Anomaly Series 036,https://www.thedatum.org/datasets/TSB-AD-U.zip,Global,GitHub/Web,Normalized CSV Label column (0/1),KDD21/UCR via TSB-AD-U,Independent labeled time series,Kullanılıyor,benchmark,"UCR arşivinin serisi; ucr / ucr_fizyo* olarak değerlendirmede, eğitime girmez",ucr
KDD21 / UCR Anomaly Series 037,https://www.thedatum.org/datasets/TSB-AD-U.zip,Global,GitHub/Web,Normalized CSV Label column (0/1),KDD21/UCR via TSB-AD-U,Independent labeled time series,Kullanılıyor,benchmark,"UCR arşivinin serisi; ucr / ucr_fizyo* olarak değerlendirmede, eğitime girmez",ucr
KDD21 / UCR Anomaly Series 038,https://www.thedatum.org/datasets/TSB-AD-U.zip,Global,GitHub/Web,Normalized CSV Label column (0/1),KDD21/UCR via TSB-AD-U,Independent labeled time series,Kullanılıyor,benchmark,"UCR arşivinin serisi; ucr / ucr_fizyo* olarak değerlendirmede, eğitime girmez",ucr
KDD21 / UCR Anomaly Series 039,https://www.thedatum.org/datasets/TSB-AD-U.zip,Global,GitHub/Web,Normalized CSV Label column (0/1),KDD21/UCR via TSB-AD-U,Independent labeled time series,Kullanılıyor,benchmark,"UCR arşivinin serisi; ucr / ucr_fizyo* olarak değerlendirmede, eğitime girmez",ucr
KDD21 / UCR Anomaly Series 040,https://www.thedatum.org/datasets/TSB-AD-U.zip,Global,GitHub/Web,Normalized CSV Label column (0/1),KDD21/UCR via TSB-AD-U,Independent labeled time series,Kullanılıyor,benchmark,"UCR arşivinin serisi; ucr / ucr_fizyo* olarak değerlendirmede, eğitime girmez",ucr
KDD21 / UCR Anomaly Series 041,https://www.thedatum.org/datasets/TSB-AD-U.zip,Global,GitHub/Web,Normalized CSV Label column (0/1),KDD21/UCR via TSB-AD-U,Independent labeled time series,Kullanılıyor,benchmark,"UCR arşivinin serisi; ucr / ucr_fizyo* olarak değerlendirmede, eğitime girmez",ucr
KDD21 / UCR Anomaly Series 042,https://www.thedatum.org/datasets/TSB-AD-U.zip,Global,GitHub/Web,Normalized CSV Label column (0/1),KDD21/UCR via TSB-AD-U,Independent labeled time series,Kullanılıyor,benchmark,"UCR arşivinin serisi; ucr / ucr_fizyo* olarak değerlendirmede, eğitime girmez",ucr
KDD21 / UCR Anomaly Series 043,https://www.thedatum.org/datasets/TSB-AD-U.zip,Global,GitHub/Web,Normalized CSV Label column (0/1),KDD21/UCR via TSB-AD-U,Independent labeled time series,Kullanılıyor,benchmark,"UCR arşivinin serisi; ucr / ucr_fizyo* olarak değerlendirmede, eğitime girmez",ucr
KDD21 / UCR Anomaly Series 044,https://www.thedatum.org/datasets/TSB-AD-U.zip,Global,GitHub/Web,Normalized CSV Label column (0/1),KDD21/UCR via TSB-AD-U,Independent labeled time series,Kullanılıyor,benchmark,"UCR arşivinin serisi; ucr / ucr_fizyo* olarak değerlendirmede, eğitime girmez",ucr
KDD21 / UCR Anomaly Series 045,https://www.thedatum.org/datasets/TSB-AD-U.zip,Global,GitHub/Web,Normalized CSV Label column (0/1),KDD21/UCR via TSB-AD-U,Independent labeled time series,Kullanılıyor,benchmark,"UCR arşivinin serisi; ucr / ucr_fizyo* olarak değerlendirmede, eğitime girmez",ucr
KDD21 / UCR Anomaly Series 046,https://www.thedatum.org/datasets/TSB-AD-U.zip,Global,GitHub/Web,Normalized CSV Label column (0/1),KDD21/UCR via TSB-AD-U,Independent labeled time series,Kullanılıyor,benchmark,"UCR arşivinin serisi; ucr / ucr_fizyo* olarak değerlendirmede, eğitime girmez",ucr
KDD21 / UCR Anomaly Series 047,https://www.thedatum.org/datasets/TSB-AD-U.zip,Global,GitHub/Web,Normalized CSV Label column (0/1),KDD21/UCR via TSB-AD-U,Independent labeled time series,Kullanılıyor,benchmark,"UCR arşivinin serisi; ucr / ucr_fizyo* olarak değerlendirmede, eğitime girmez",ucr
KDD21 / UCR Anomaly Series 048,https://www.thedatum.org/datasets/TSB-AD-U.zip,Global,GitHub/Web,Normalized CSV Label column (0/1),KDD21/UCR via TSB-AD-U,Independent labeled time series,Kullanılıyor,benchmark,"UCR arşivinin serisi; ucr / ucr_fizyo* olarak değerlendirmede, eğitime girmez",ucr
KDD21 / UCR Anomaly Series 049,https://www.thedatum.org/datasets/TSB-AD-U.zip,Global,GitHub/Web,Normalized CSV Label column (0/1),KDD21/UCR via TSB-AD-U,Independent labeled time series,Kullanılıyor,benchmark,"UCR arşivinin serisi; ucr / ucr_fizyo* olarak değerlendirmede, eğitime girmez",ucr
KDD21 / UCR Anomaly Series 050,https://www.thedatum.org/datasets/TSB-AD-U.zip,Global,GitHub/Web,Normalized CSV Label column (0/1),KDD21/UCR via TSB-AD-U,Independent labeled time series,Kullanılıyor,benchmark,"UCR arşivinin serisi; ucr / ucr_fizyo* olarak değerlendirmede, eğitime girmez",ucr
KDD21 / UCR Anomaly Series 051,https://www.thedatum.org/datasets/TSB-AD-U.zip,Global,GitHub/Web,Normalized CSV Label column (0/1),KDD21/UCR via TSB-AD-U,Independent labeled time series,Kullanılıyor,benchmark,"UCR arşivinin serisi; ucr / ucr_fizyo* olarak değerlendirmede, eğitime girmez",ucr
KDD21 / UCR Anomaly Series 052,https://www.thedatum.org/datasets/TSB-AD-U.zip,Global,GitHub/Web,Normalized CSV Label column (0/1),KDD21/UCR via TSB-AD-U,Independent labeled time series,Kullanılıyor,benchmark,"UCR arşivinin serisi; ucr / ucr_fizyo* olarak değerlendirmede, eğitime girmez",ucr
KDD21 / UCR Anomaly Series 053,https://www.thedatum.org/datasets/TSB-AD-U.zip,Global,GitHub/Web,Normalized CSV Label column (0/1),KDD21/UCR via TSB-AD-U,Independent labeled time series,Kullanılıyor,benchmark,"UCR arşivinin serisi; ucr / ucr_fizyo* olarak değerlendirmede, eğitime girmez",ucr
KDD21 / UCR Anomaly Series 054,https://www.thedatum.org/datasets/TSB-AD-U.zip,Global,GitHub/Web,Normalized CSV Label column (0/1),KDD21/UCR via TSB-AD-U,Independent labeled time series,Kullanılıyor,benchmark,"UCR arşivinin serisi; ucr / ucr_fizyo* olarak değerlendirmede, eğitime girmez",ucr
KDD21 / UCR Anomaly Series 055,https://www.thedatum.org/datasets/TSB-AD-U.zip,Global,GitHub/Web,Normalized CSV Label column (0/1),KDD21/UCR via TSB-AD-U,Independent labeled time series,Kullanılıyor,benchmark,"UCR arşivinin serisi; ucr / ucr_fizyo* olarak değerlendirmede, eğitime girmez",ucr
KDD21 / UCR Anomaly Series 056,https://www.thedatum.org/datasets/TSB-AD-U.zip,Global,GitHub/Web,Normalized CSV Label column (0/1),KDD21/UCR via TSB-AD-U,Independent labeled time series,Kullanılıyor,benchmark,"UCR arşivinin serisi; ucr / ucr_fizyo* olarak değerlendirmede, eğitime girmez",ucr
KDD21 / UCR Anomaly Series 057,https://www.thedatum.org/datasets/TSB-AD-U.zip,Global,GitHub/Web,Normalized CSV Label column (0/1),KDD21/UCR via TSB-AD-U,Independent labeled time series,Kullanılıyor,benchmark,"UCR arşivinin serisi; ucr / ucr_fizyo* olarak değerlendirmede, eğitime girmez",ucr
KDD21 / UCR Anomaly Series 058,https://www.thedatum.org/datasets/TSB-AD-U.zip,Global,GitHub/Web,Normalized CSV Label column (0/1),KDD21/UCR via TSB-AD-U,Independent labeled time series,Kullanılıyor,benchmark,"UCR arşivinin serisi; ucr / ucr_fizyo* olarak değerlendirmede, eğitime girmez",ucr
KDD21 / UCR Anomaly Series 059,https://www.thedatum.org/datasets/TSB-AD-U.zip,Global,GitHub/Web,Normalized CSV Label column (0/1),KDD21/UCR via TSB-AD-U,Independent labeled time series,Kullanılıyor,benchmark,"UCR arşivinin serisi; ucr / ucr_fizyo* olarak değerlendirmede, eğitime girmez",ucr
KDD21 / UCR Anomaly Series 060,https://www.thedatum.org/datasets/TSB-AD-U.zip,Global,GitHub/Web,Normalized CSV Label column (0/1),KDD21/UCR via TSB-AD-U,Independent labeled time series,Kullanılıyor,benchmark,"UCR arşivinin serisi; ucr / ucr_fizyo* olarak değerlendirmede, eğitime girmez",ucr
KDD21 / UCR Anomaly Series 061,https://www.thedatum.org/datasets/TSB-AD-U.zip,Global,GitHub/Web,Normalized CSV Label column (0/1),KDD21/UCR via TSB-AD-U,Independent labeled time series,Kullanılıyor,benchmark,"UCR arşivinin serisi; ucr / ucr_fizyo* olarak değerlendirmede, eğitime girmez",ucr
KDD21 / UCR Anomaly Series 062,https://www.thedatum.org/datasets/TSB-AD-U.zip,Global,GitHub/Web,Normalized CSV Label column (0/1),KDD21/UCR via TSB-AD-U,Independent labeled time series,Kullanılıyor,benchmark,"UCR arşivinin serisi; ucr / ucr_fizyo* olarak değerlendirmede, eğitime girmez",ucr
KDD21 / UCR Anomaly Series 063,https://www.thedatum.org/datasets/TSB-AD-U.zip,Global,GitHub/Web,Normalized CSV Label column (0/1),KDD21/UCR via TSB-AD-U,Independent labeled time series,Kullanılıyor,benchmark,"UCR arşivinin serisi; ucr / ucr_fizyo* olarak değerlendirmede, eğitime girmez",ucr
KDD21 / UCR Anomaly Series 064,https://www.thedatum.org/datasets/TSB-AD-U.zip,Global,GitHub/Web,Normalized CSV Label column (0/1),KDD21/UCR via TSB-AD-U,Independent labeled time series,Kullanılıyor,benchmark,"UCR arşivinin serisi; ucr / ucr_fizyo* olarak değerlendirmede, eğitime girmez",ucr
KDD21 / UCR Anomaly Series 065,https://www.thedatum.org/datasets/TSB-AD-U.zip,Global,GitHub/Web,Normalized CSV Label column (0/1),KDD21/UCR via TSB-AD-U,Independent labeled time series,Kullanılıyor,benchmark,"UCR arşivinin serisi; ucr / ucr_fizyo* olarak değerlendirmede, eğitime girmez",ucr
KDD21 / UCR Anomaly Series 066,https://www.thedatum.org/datasets/TSB-AD-U.zip,Global,GitHub/Web,Normalized CSV Label column (0/1),KDD21/UCR via TSB-AD-U,Independent labeled time series,Kullanılıyor,benchmark,"UCR arşivinin serisi; ucr / ucr_fizyo* olarak değerlendirmede, eğitime girmez",ucr
KDD21 / UCR Anomaly Series 067,https://www.thedatum.org/datasets/TSB-AD-U.zip,Global,GitHub/Web,Normalized CSV Label column (0/1),KDD21/UCR via TSB-AD-U,Independent labeled time series,Kullanılıyor,benchmark,"UCR arşivinin serisi; ucr / ucr_fizyo* olarak değerlendirmede, eğitime girmez",ucr
KDD21 / UCR Anomaly Series 068,https://www.thedatum.org/datasets/TSB-AD-U.zip,Global,GitHub/Web,Normalized CSV Label column (0/1),KDD21/UCR via TSB-AD-U,Independent labeled time series,Kullanılıyor,benchmark,"UCR arşivinin serisi; ucr / ucr_fizyo* olarak değerlendirmede, eğitime girmez",ucr
KDD21 / UCR Anomaly Series 069,https://www.thedatum.org/datasets/TSB-AD-U.zip,Global,GitHub/Web,Normalized CSV Label column (0/1),KDD21/UCR via TSB-AD-U,Independent labeled time series,Kullanılıyor,benchmark,"UCR arşivinin serisi; ucr / ucr_fizyo* olarak değerlendirmede, eğitime girmez",ucr
KDD21 / UCR Anomaly Series 070,https://www.thedatum.org/datasets/TSB-AD-U.zip,Global,GitHub/Web,Normalized CSV Label column (0/1),KDD21/UCR via TSB-AD-U,Independent labeled time series,Kullanılıyor,benchmark,"UCR arşivinin serisi; ucr / ucr_fizyo* olarak değerlendirmede, eğitime girmez",ucr
KDD21 / UCR Anomaly Series 071,https://www.thedatum.org/datasets/TSB-AD-U.zip,Global,GitHub/Web,Normalized CSV Label column (0/1),KDD21/UCR via TSB-AD-U,Independent labeled time series,Kullanılıyor,benchmark,"UCR arşivinin serisi; ucr / ucr_fizyo* olarak değerlendirmede, eğitime girmez",ucr
KDD21 / UCR Anomaly Series 072,https://www.thedatum.org/datasets/TSB-AD-U.zip,Global,GitHub/Web,Normalized CSV Label column (0/1),KDD21/UCR via TSB-AD-U,Independent labeled time series,Kullanılıyor,benchmark,"UCR arşivinin serisi; ucr / ucr_fizyo* olarak değerlendirmede, eğitime girmez",ucr
KDD21 / UCR Anomaly Series 073,https://www.thedatum.org/datasets/TSB-AD-U.zip,Global,GitHub/Web,Normalized CSV Label column (0/1),KDD21/UCR via TSB-AD-U,Independent labeled time series,Kullanılıyor,benchmark,"UCR arşivinin serisi; ucr / ucr_fizyo* olarak değerlendirmede, eğitime girmez",ucr
KDD21 / UCR Anomaly Series 074,https://www.thedatum.org/datasets/TSB-AD-U.zip,Global,GitHub/Web,Normalized CSV Label column (0/1),KDD21/UCR via TSB-AD-U,Independent labeled time series,Kullanılıyor,benchmark,"UCR arşivinin serisi; ucr / ucr_fizyo* olarak değerlendirmede, eğitime girmez",ucr
KDD21 / UCR Anomaly Series 075,https://www.thedatum.org/datasets/TSB-AD-U.zip,Global,GitHub/Web,Normalized CSV Label column (0/1),KDD21/UCR via TSB-AD-U,Independent labeled time series,Kullanılıyor,benchmark,"UCR arşivinin serisi; ucr / ucr_fizyo* olarak değerlendirmede, eğitime girmez",ucr
KDD21 / UCR Anomaly Series 076,https://www.thedatum.org/datasets/TSB-AD-U.zip,Global,GitHub/Web,Normalized CSV Label column (0/1),KDD21/UCR via TSB-AD-U,Independent labeled time series,Kullanılıyor,benchmark,"UCR arşivinin serisi; ucr / ucr_fizyo* olarak değerlendirmede, eğitime girmez",ucr
KDD21 / UCR Anomaly Series 077,https://www.thedatum.org/datasets/TSB-AD-U.zip,Global,GitHub/Web,Normalized CSV Label column (0/1),KDD21/UCR via TSB-AD-U,Independent labeled time series,Kullanılıyor,benchmark,"UCR arşivinin serisi; ucr / ucr_fizyo* olarak değerlendirmede, eğitime girmez",ucr
KDD21 / UCR Anomaly Series 078,https://www.thedatum.org/datasets/TSB-AD-U.zip,Global,GitHub/Web,Normalized CSV Label column (0/1),KDD21/UCR via TSB-AD-U,Independent labeled time series,Kullanılıyor,benchmark,"UCR arşivinin serisi; ucr / ucr_fizyo* olarak değerlendirmede, eğitime girmez",ucr
KDD21 / UCR Anomaly Series 079,https://www.thedatum.org/datasets/TSB-AD-U.zip,Global,GitHub/Web,Normalized CSV Label column (0/1),KDD21/UCR via TSB-AD-U,Independent labeled time series,Kullanılıyor,benchmark,"UCR arşivinin serisi; ucr / ucr_fizyo* olarak değerlendirmede, eğitime girmez",ucr
KDD21 / UCR Anomaly Series 080,https://www.thedatum.org/datasets/TSB-AD-U.zip,Global,GitHub/Web,Normalized CSV Label column (0/1),KDD21/UCR via TSB-AD-U,Independent labeled time series,Kullanılıyor,benchmark,"UCR arşivinin serisi; ucr / ucr_fizyo* olarak değerlendirmede, eğitime girmez",ucr
KDD21 / UCR Anomaly Series 081,https://www.thedatum.org/datasets/TSB-AD-U.zip,Global,GitHub/Web,Normalized CSV Label column (0/1),KDD21/UCR via TSB-AD-U,Independent labeled time series,Kullanılıyor,benchmark,"UCR arşivinin serisi; ucr / ucr_fizyo* olarak değerlendirmede, eğitime girmez",ucr
KDD21 / UCR Anomaly Series 082,https://www.thedatum.org/datasets/TSB-AD-U.zip,Global,GitHub/Web,Normalized CSV Label column (0/1),KDD21/UCR via TSB-AD-U,Independent labeled time series,Kullanılıyor,benchmark,"UCR arşivinin serisi; ucr / ucr_fizyo* olarak değerlendirmede, eğitime girmez",ucr
KDD21 / UCR Anomaly Series 083,https://www.thedatum.org/datasets/TSB-AD-U.zip,Global,GitHub/Web,Normalized CSV Label column (0/1),KDD21/UCR via TSB-AD-U,Independent labeled time series,Kullanılıyor,benchmark,"UCR arşivinin serisi; ucr / ucr_fizyo* olarak değerlendirmede, eğitime girmez",ucr
KDD21 / UCR Anomaly Series 084,https://www.thedatum.org/datasets/TSB-AD-U.zip,Global,GitHub/Web,Normalized CSV Label column (0/1),KDD21/UCR via TSB-AD-U,Independent labeled time series,Kullanılıyor,benchmark,"UCR arşivinin serisi; ucr / ucr_fizyo* olarak değerlendirmede, eğitime girmez",ucr
KDD21 / UCR Anomaly Series 085,https://www.thedatum.org/datasets/TSB-AD-U.zip,Global,GitHub/Web,Normalized CSV Label column (0/1),KDD21/UCR via TSB-AD-U,Independent labeled time series,Kullanılıyor,benchmark,"UCR arşivinin serisi; ucr / ucr_fizyo* olarak değerlendirmede, eğitime girmez",ucr
KDD21 / UCR Anomaly Series 086,https://www.thedatum.org/datasets/TSB-AD-U.zip,Global,GitHub/Web,Normalized CSV Label column (0/1),KDD21/UCR via TSB-AD-U,Independent labeled time series,Kullanılıyor,benchmark,"UCR arşivinin serisi; ucr / ucr_fizyo* olarak değerlendirmede, eğitime girmez",ucr
KDD21 / UCR Anomaly Series 087,https://www.thedatum.org/datasets/TSB-AD-U.zip,Global,GitHub/Web,Normalized CSV Label column (0/1),KDD21/UCR via TSB-AD-U,Independent labeled time series,Kullanılıyor,benchmark,"UCR arşivinin serisi; ucr / ucr_fizyo* olarak değerlendirmede, eğitime girmez",ucr
KDD21 / UCR Anomaly Series 088,https://www.thedatum.org/datasets/TSB-AD-U.zip,Global,GitHub/Web,Normalized CSV Label column (0/1),KDD21/UCR via TSB-AD-U,Independent labeled time series,Kullanılıyor,benchmark,"UCR arşivinin serisi; ucr / ucr_fizyo* olarak değerlendirmede, eğitime girmez",ucr
KDD21 / UCR Anomaly Series 089,https://www.thedatum.org/datasets/TSB-AD-U.zip,Global,GitHub/Web,Normalized CSV Label column (0/1),KDD21/UCR via TSB-AD-U,Independent labeled time series,Kullanılıyor,benchmark,"UCR arşivinin serisi; ucr / ucr_fizyo* olarak değerlendirmede, eğitime girmez",ucr
KDD21 / UCR Anomaly Series 090,https://www.thedatum.org/datasets/TSB-AD-U.zip,Global,GitHub/Web,Normalized CSV Label column (0/1),KDD21/UCR via TSB-AD-U,Independent labeled time series,Kullanılıyor,benchmark,"UCR arşivinin serisi; ucr / ucr_fizyo* olarak değerlendirmede, eğitime girmez",ucr
KDD21 / UCR Anomaly Series 091,https://www.thedatum.org/datasets/TSB-AD-U.zip,Global,GitHub/Web,Normalized CSV Label column (0/1),KDD21/UCR via TSB-AD-U,Independent labeled time series,Kullanılıyor,benchmark,"UCR arşivinin serisi; ucr / ucr_fizyo* olarak değerlendirmede, eğitime girmez",ucr
KDD21 / UCR Anomaly Series 092,https://www.thedatum.org/datasets/TSB-AD-U.zip,Global,GitHub/Web,Normalized CSV Label column (0/1),KDD21/UCR via TSB-AD-U,Independent labeled time series,Kullanılıyor,benchmark,"UCR arşivinin serisi; ucr / ucr_fizyo* olarak değerlendirmede, eğitime girmez",ucr
KDD21 / UCR Anomaly Series 093,https://www.thedatum.org/datasets/TSB-AD-U.zip,Global,GitHub/Web,Normalized CSV Label column (0/1),KDD21/UCR via TSB-AD-U,Independent labeled time series,Kullanılıyor,benchmark,"UCR arşivinin serisi; ucr / ucr_fizyo* olarak değerlendirmede, eğitime girmez",ucr
KDD21 / UCR Anomaly Series 094,https://www.thedatum.org/datasets/TSB-AD-U.zip,Global,GitHub/Web,Normalized CSV Label column (0/1),KDD21/UCR via TSB-AD-U,Independent labeled time series,Kullanılıyor,benchmark,"UCR arşivinin serisi; ucr / ucr_fizyo* olarak değerlendirmede, eğitime girmez",ucr
KDD21 / UCR Anomaly Series 095,https://www.thedatum.org/datasets/TSB-AD-U.zip,Global,GitHub/Web,Normalized CSV Label column (0/1),KDD21/UCR via TSB-AD-U,Independent labeled time series,Kullanılıyor,benchmark,"UCR arşivinin serisi; ucr / ucr_fizyo* olarak değerlendirmede, eğitime girmez",ucr
KDD21 / UCR Anomaly Series 096,https://www.thedatum.org/datasets/TSB-AD-U.zip,Global,GitHub/Web,Normalized CSV Label column (0/1),KDD21/UCR via TSB-AD-U,Independent labeled time series,Kullanılıyor,benchmark,"UCR arşivinin serisi; ucr / ucr_fizyo* olarak değerlendirmede, eğitime girmez",ucr
KDD21 / UCR Anomaly Series 097,https://www.thedatum.org/datasets/TSB-AD-U.zip,Global,GitHub/Web,Normalized CSV Label column (0/1),KDD21/UCR via TSB-AD-U,Independent labeled time series,Kullanılıyor,benchmark,"UCR arşivinin serisi; ucr / ucr_fizyo* olarak değerlendirmede, eğitime girmez",ucr
KDD21 / UCR Anomaly Series 098,https://www.thedatum.org/datasets/TSB-AD-U.zip,Global,GitHub/Web,Normalized CSV Label column (0/1),KDD21/UCR via TSB-AD-U,Independent labeled time series,Kullanılıyor,benchmark,"UCR arşivinin serisi; ucr / ucr_fizyo* olarak değerlendirmede, eğitime girmez",ucr
KDD21 / UCR Anomaly Series 099,https://www.thedatum.org/datasets/TSB-AD-U.zip,Global,GitHub/Web,Normalized CSV Label column (0/1),KDD21/UCR via TSB-AD-U,Independent labeled time series,Kullanılıyor,benchmark,"UCR arşivinin serisi; ucr / ucr_fizyo* olarak değerlendirmede, eğitime girmez",ucr
KDD21 / UCR Anomaly Series 100,https://www.thedatum.org/datasets/TSB-AD-U.zip,Global,GitHub/Web,Normalized CSV Label column (0/1),KDD21/UCR via TSB-AD-U,Independent labeled time series,Kullanılıyor,benchmark,"UCR arşivinin serisi; ucr / ucr_fizyo* olarak değerlendirmede, eğitime girmez",ucr
KDD21 / UCR Anomaly Series 101,https://www.thedatum.org/datasets/TSB-AD-U.zip,Global,GitHub/Web,Normalized CSV Label column (0/1),KDD21/UCR via TSB-AD-U,Independent labeled time series,Kullanılıyor,benchmark,"UCR arşivinin serisi; ucr / ucr_fizyo* olarak değerlendirmede, eğitime girmez",ucr
KDD21 / UCR Anomaly Series 102,https://www.thedatum.org/datasets/TSB-AD-U.zip,Global,GitHub/Web,Normalized CSV Label column (0/1),KDD21/UCR via TSB-AD-U,Independent labeled time series,Kullanılıyor,benchmark,"UCR arşivinin serisi; ucr / ucr_fizyo* olarak değerlendirmede, eğitime girmez",ucr
KDD21 / UCR Anomaly Series 103,https://www.thedatum.org/datasets/TSB-AD-U.zip,Global,GitHub/Web,Normalized CSV Label column (0/1),KDD21/UCR via TSB-AD-U,Independent labeled time series,Kullanılıyor,benchmark,"UCR arşivinin serisi; ucr / ucr_fizyo* olarak değerlendirmede, eğitime girmez",ucr
KDD21 / UCR Anomaly Series 104,https://www.thedatum.org/datasets/TSB-AD-U.zip,Global,GitHub/Web,Normalized CSV Label column (0/1),KDD21/UCR via TSB-AD-U,Independent labeled time series,Kullanılıyor,benchmark,"UCR arşivinin serisi; ucr / ucr_fizyo* olarak değerlendirmede, eğitime girmez",ucr
KDD21 / UCR Anomaly Series 105,https://www.thedatum.org/datasets/TSB-AD-U.zip,Global,GitHub/Web,Normalized CSV Label column (0/1),KDD21/UCR via TSB-AD-U,Independent labeled time series,Kullanılıyor,benchmark,"UCR arşivinin serisi; ucr / ucr_fizyo* olarak değerlendirmede, eğitime girmez",ucr
KDD21 / UCR Anomaly Series 106,https://www.thedatum.org/datasets/TSB-AD-U.zip,Global,GitHub/Web,Normalized CSV Label column (0/1),KDD21/UCR via TSB-AD-U,Independent labeled time series,Kullanılıyor,benchmark,"UCR arşivinin serisi; ucr / ucr_fizyo* olarak değerlendirmede, eğitime girmez",ucr
KDD21 / UCR Anomaly Series 107,https://www.thedatum.org/datasets/TSB-AD-U.zip,Global,GitHub/Web,Normalized CSV Label column (0/1),KDD21/UCR via TSB-AD-U,Independent labeled time series,Kullanılıyor,benchmark,"UCR arşivinin serisi; ucr / ucr_fizyo* olarak değerlendirmede, eğitime girmez",ucr
KDD21 / UCR Anomaly Series 108,https://www.thedatum.org/datasets/TSB-AD-U.zip,Global,GitHub/Web,Normalized CSV Label column (0/1),KDD21/UCR via TSB-AD-U,Independent labeled time series,Kullanılıyor,benchmark,"UCR arşivinin serisi; ucr / ucr_fizyo* olarak değerlendirmede, eğitime girmez",ucr
KDD21 / UCR Anomaly Series 109,https://www.thedatum.org/datasets/TSB-AD-U.zip,Global,GitHub/Web,Normalized CSV Label column (0/1),KDD21/UCR via TSB-AD-U,Independent labeled time series,Kullanılıyor,benchmark,"UCR arşivinin serisi; ucr / ucr_fizyo* olarak değerlendirmede, eğitime girmez",ucr
KDD21 / UCR Anomaly Series 110,https://www.thedatum.org/datasets/TSB-AD-U.zip,Global,GitHub/Web,Normalized CSV Label column (0/1),KDD21/UCR via TSB-AD-U,Independent labeled time series,Kullanılıyor,benchmark,"UCR arşivinin serisi; ucr / ucr_fizyo* olarak değerlendirmede, eğitime girmez",ucr
KDD21 / UCR Anomaly Series 111,https://www.thedatum.org/datasets/TSB-AD-U.zip,Global,GitHub/Web,Normalized CSV Label column (0/1),KDD21/UCR via TSB-AD-U,Independent labeled time series,Kullanılıyor,benchmark,"UCR arşivinin serisi; ucr / ucr_fizyo* olarak değerlendirmede, eğitime girmez",ucr
KDD21 / UCR Anomaly Series 112,https://www.thedatum.org/datasets/TSB-AD-U.zip,Global,GitHub/Web,Normalized CSV Label column (0/1),KDD21/UCR via TSB-AD-U,Independent labeled time series,Kullanılıyor,benchmark,"UCR arşivinin serisi; ucr / ucr_fizyo* olarak değerlendirmede, eğitime girmez",ucr
KDD21 / UCR Anomaly Series 113,https://www.thedatum.org/datasets/TSB-AD-U.zip,Global,GitHub/Web,Normalized CSV Label column (0/1),KDD21/UCR via TSB-AD-U,Independent labeled time series,Kullanılıyor,benchmark,"UCR arşivinin serisi; ucr / ucr_fizyo* olarak değerlendirmede, eğitime girmez",ucr
KDD21 / UCR Anomaly Series 114,https://www.thedatum.org/datasets/TSB-AD-U.zip,Global,GitHub/Web,Normalized CSV Label column (0/1),KDD21/UCR via TSB-AD-U,Independent labeled time series,Kullanılıyor,benchmark,"UCR arşivinin serisi; ucr / ucr_fizyo* olarak değerlendirmede, eğitime girmez",ucr
KDD21 / UCR Anomaly Series 115,https://www.thedatum.org/datasets/TSB-AD-U.zip,Global,GitHub/Web,Normalized CSV Label column (0/1),KDD21/UCR via TSB-AD-U,Independent labeled time series,Kullanılıyor,benchmark,"UCR arşivinin serisi; ucr / ucr_fizyo* olarak değerlendirmede, eğitime girmez",ucr
KDD21 / UCR Anomaly Series 116,https://www.thedatum.org/datasets/TSB-AD-U.zip,Global,GitHub/Web,Normalized CSV Label column (0/1),KDD21/UCR via TSB-AD-U,Independent labeled time series,Kullanılıyor,benchmark,"UCR arşivinin serisi; ucr / ucr_fizyo* olarak değerlendirmede, eğitime girmez",ucr
KDD21 / UCR Anomaly Series 117,https://www.thedatum.org/datasets/TSB-AD-U.zip,Global,GitHub/Web,Normalized CSV Label column (0/1),KDD21/UCR via TSB-AD-U,Independent labeled time series,Kullanılıyor,benchmark,"UCR arşivinin serisi; ucr / ucr_fizyo* olarak değerlendirmede, eğitime girmez",ucr
KDD21 / UCR Anomaly Series 118,https://www.thedatum.org/datasets/TSB-AD-U.zip,Global,GitHub/Web,Normalized CSV Label column (0/1),KDD21/UCR via TSB-AD-U,Independent labeled time series,Kullanılıyor,benchmark,"UCR arşivinin serisi; ucr / ucr_fizyo* olarak değerlendirmede, eğitime girmez",ucr
KDD21 / UCR Anomaly Series 119,https://www.thedatum.org/datasets/TSB-AD-U.zip,Global,GitHub/Web,Normalized CSV Label column (0/1),KDD21/UCR via TSB-AD-U,Independent labeled time series,Kullanılıyor,benchmark,"UCR arşivinin serisi; ucr / ucr_fizyo* olarak değerlendirmede, eğitime girmez",ucr
KDD21 / UCR Anomaly Series 120,https://www.thedatum.org/datasets/TSB-AD-U.zip,Global,GitHub/Web,Normalized CSV Label column (0/1),KDD21/UCR via TSB-AD-U,Independent labeled time series,Kullanılıyor,benchmark,"UCR arşivinin serisi; ucr / ucr_fizyo* olarak değerlendirmede, eğitime girmez",ucr
KDD21 / UCR Anomaly Series 121,https://www.thedatum.org/datasets/TSB-AD-U.zip,Global,GitHub/Web,Normalized CSV Label column (0/1),KDD21/UCR via TSB-AD-U,Independent labeled time series,Kullanılıyor,benchmark,"UCR arşivinin serisi; ucr / ucr_fizyo* olarak değerlendirmede, eğitime girmez",ucr
KDD21 / UCR Anomaly Series 122,https://www.thedatum.org/datasets/TSB-AD-U.zip,Global,GitHub/Web,Normalized CSV Label column (0/1),KDD21/UCR via TSB-AD-U,Independent labeled time series,Kullanılıyor,benchmark,"UCR arşivinin serisi; ucr / ucr_fizyo* olarak değerlendirmede, eğitime girmez",ucr
KDD21 / UCR Anomaly Series 123,https://www.thedatum.org/datasets/TSB-AD-U.zip,Global,GitHub/Web,Normalized CSV Label column (0/1),KDD21/UCR via TSB-AD-U,Independent labeled time series,Kullanılıyor,benchmark,"UCR arşivinin serisi; ucr / ucr_fizyo* olarak değerlendirmede, eğitime girmez",ucr
KDD21 / UCR Anomaly Series 124,https://www.thedatum.org/datasets/TSB-AD-U.zip,Global,GitHub/Web,Normalized CSV Label column (0/1),KDD21/UCR via TSB-AD-U,Independent labeled time series,Kullanılıyor,benchmark,"UCR arşivinin serisi; ucr / ucr_fizyo* olarak değerlendirmede, eğitime girmez",ucr
KDD21 / UCR Anomaly Series 125,https://www.thedatum.org/datasets/TSB-AD-U.zip,Global,GitHub/Web,Normalized CSV Label column (0/1),KDD21/UCR via TSB-AD-U,Independent labeled time series,Kullanılıyor,benchmark,"UCR arşivinin serisi; ucr / ucr_fizyo* olarak değerlendirmede, eğitime girmez",ucr
KDD21 / UCR Anomaly Series 126,https://www.thedatum.org/datasets/TSB-AD-U.zip,Global,GitHub/Web,Normalized CSV Label column (0/1),KDD21/UCR via TSB-AD-U,Independent labeled time series,Kullanılıyor,benchmark,"UCR arşivinin serisi; ucr / ucr_fizyo* olarak değerlendirmede, eğitime girmez",ucr
KDD21 / UCR Anomaly Series 127,https://www.thedatum.org/datasets/TSB-AD-U.zip,Global,GitHub/Web,Normalized CSV Label column (0/1),KDD21/UCR via TSB-AD-U,Independent labeled time series,Kullanılıyor,benchmark,"UCR arşivinin serisi; ucr / ucr_fizyo* olarak değerlendirmede, eğitime girmez",ucr
KDD21 / UCR Anomaly Series 128,https://www.thedatum.org/datasets/TSB-AD-U.zip,Global,GitHub/Web,Normalized CSV Label column (0/1),KDD21/UCR via TSB-AD-U,Independent labeled time series,Kullanılıyor,benchmark,"UCR arşivinin serisi; ucr / ucr_fizyo* olarak değerlendirmede, eğitime girmez",ucr
KDD21 / UCR Anomaly Series 129,https://www.thedatum.org/datasets/TSB-AD-U.zip,Global,GitHub/Web,Normalized CSV Label column (0/1),KDD21/UCR via TSB-AD-U,Independent labeled time series,Kullanılıyor,benchmark,"UCR arşivinin serisi; ucr / ucr_fizyo* olarak değerlendirmede, eğitime girmez",ucr
KDD21 / UCR Anomaly Series 130,https://www.thedatum.org/datasets/TSB-AD-U.zip,Global,GitHub/Web,Normalized CSV Label column (0/1),KDD21/UCR via TSB-AD-U,Independent labeled time series,Kullanılıyor,benchmark,"UCR arşivinin serisi; ucr / ucr_fizyo* olarak değerlendirmede, eğitime girmez",ucr
KDD21 / UCR Anomaly Series 131,https://www.thedatum.org/datasets/TSB-AD-U.zip,Global,GitHub/Web,Normalized CSV Label column (0/1),KDD21/UCR via TSB-AD-U,Independent labeled time series,Kullanılıyor,benchmark,"UCR arşivinin serisi; ucr / ucr_fizyo* olarak değerlendirmede, eğitime girmez",ucr
KDD21 / UCR Anomaly Series 132,https://www.thedatum.org/datasets/TSB-AD-U.zip,Global,GitHub/Web,Normalized CSV Label column (0/1),KDD21/UCR via TSB-AD-U,Independent labeled time series,Kullanılıyor,benchmark,"UCR arşivinin serisi; ucr / ucr_fizyo* olarak değerlendirmede, eğitime girmez",ucr
KDD21 / UCR Anomaly Series 133,https://www.thedatum.org/datasets/TSB-AD-U.zip,Global,GitHub/Web,Normalized CSV Label column (0/1),KDD21/UCR via TSB-AD-U,Independent labeled time series,Kullanılıyor,benchmark,"UCR arşivinin serisi; ucr / ucr_fizyo* olarak değerlendirmede, eğitime girmez",ucr
KDD21 / UCR Anomaly Series 134,https://www.thedatum.org/datasets/TSB-AD-U.zip,Global,GitHub/Web,Normalized CSV Label column (0/1),KDD21/UCR via TSB-AD-U,Independent labeled time series,Kullanılıyor,benchmark,"UCR arşivinin serisi; ucr / ucr_fizyo* olarak değerlendirmede, eğitime girmez",ucr
KDD21 / UCR Anomaly Series 135,https://www.thedatum.org/datasets/TSB-AD-U.zip,Global,GitHub/Web,Normalized CSV Label column (0/1),KDD21/UCR via TSB-AD-U,Independent labeled time series,Kullanılıyor,benchmark,"UCR arşivinin serisi; ucr / ucr_fizyo* olarak değerlendirmede, eğitime girmez",ucr
KDD21 / UCR Anomaly Series 136,https://www.thedatum.org/datasets/TSB-AD-U.zip,Global,GitHub/Web,Normalized CSV Label column (0/1),KDD21/UCR via TSB-AD-U,Independent labeled time series,Kullanılıyor,benchmark,"UCR arşivinin serisi; ucr / ucr_fizyo* olarak değerlendirmede, eğitime girmez",ucr
KDD21 / UCR Anomaly Series 137,https://www.thedatum.org/datasets/TSB-AD-U.zip,Global,GitHub/Web,Normalized CSV Label column (0/1),KDD21/UCR via TSB-AD-U,Independent labeled time series,Kullanılıyor,benchmark,"UCR arşivinin serisi; ucr / ucr_fizyo* olarak değerlendirmede, eğitime girmez",ucr
KDD21 / UCR Anomaly Series 138,https://www.thedatum.org/datasets/TSB-AD-U.zip,Global,GitHub/Web,Normalized CSV Label column (0/1),KDD21/UCR via TSB-AD-U,Independent labeled time series,Kullanılıyor,benchmark,"UCR arşivinin serisi; ucr / ucr_fizyo* olarak değerlendirmede, eğitime girmez",ucr
KDD21 / UCR Anomaly Series 139,https://www.thedatum.org/datasets/TSB-AD-U.zip,Global,GitHub/Web,Normalized CSV Label column (0/1),KDD21/UCR via TSB-AD-U,Independent labeled time series,Kullanılıyor,benchmark,"UCR arşivinin serisi; ucr / ucr_fizyo* olarak değerlendirmede, eğitime girmez",ucr
KDD21 / UCR Anomaly Series 140,https://www.thedatum.org/datasets/TSB-AD-U.zip,Global,GitHub/Web,Normalized CSV Label column (0/1),KDD21/UCR via TSB-AD-U,Independent labeled time series,Kullanılıyor,benchmark,"UCR arşivinin serisi; ucr / ucr_fizyo* olarak değerlendirmede, eğitime girmez",ucr
KDD21 / UCR Anomaly Series 141,https://www.thedatum.org/datasets/TSB-AD-U.zip,Global,GitHub/Web,Normalized CSV Label column (0/1),KDD21/UCR via TSB-AD-U,Independent labeled time series,Kullanılıyor,benchmark,"UCR arşivinin serisi; ucr / ucr_fizyo* olarak değerlendirmede, eğitime girmez",ucr
KDD21 / UCR Anomaly Series 142,https://www.thedatum.org/datasets/TSB-AD-U.zip,Global,GitHub/Web,Normalized CSV Label column (0/1),KDD21/UCR via TSB-AD-U,Independent labeled time series,Kullanılıyor,benchmark,"UCR arşivinin serisi; ucr / ucr_fizyo* olarak değerlendirmede, eğitime girmez",ucr
KDD21 / UCR Anomaly Series 143,https://www.thedatum.org/datasets/TSB-AD-U.zip,Global,GitHub/Web,Normalized CSV Label column (0/1),KDD21/UCR via TSB-AD-U,Independent labeled time series,Kullanılıyor,benchmark,"UCR arşivinin serisi; ucr / ucr_fizyo* olarak değerlendirmede, eğitime girmez",ucr
KDD21 / UCR Anomaly Series 144,https://www.thedatum.org/datasets/TSB-AD-U.zip,Global,GitHub/Web,Normalized CSV Label column (0/1),KDD21/UCR via TSB-AD-U,Independent labeled time series,Kullanılıyor,benchmark,"UCR arşivinin serisi; ucr / ucr_fizyo* olarak değerlendirmede, eğitime girmez",ucr
KDD21 / UCR Anomaly Series 145,https://www.thedatum.org/datasets/TSB-AD-U.zip,Global,GitHub/Web,Normalized CSV Label column (0/1),KDD21/UCR via TSB-AD-U,Independent labeled time series,Kullanılıyor,benchmark,"UCR arşivinin serisi; ucr / ucr_fizyo* olarak değerlendirmede, eğitime girmez",ucr
KDD21 / UCR Anomaly Series 146,https://www.thedatum.org/datasets/TSB-AD-U.zip,Global,GitHub/Web,Normalized CSV Label column (0/1),KDD21/UCR via TSB-AD-U,Independent labeled time series,Kullanılıyor,benchmark,"UCR arşivinin serisi; ucr / ucr_fizyo* olarak değerlendirmede, eğitime girmez",ucr
KDD21 / UCR Anomaly Series 147,https://www.thedatum.org/datasets/TSB-AD-U.zip,Global,GitHub/Web,Normalized CSV Label column (0/1),KDD21/UCR via TSB-AD-U,Independent labeled time series,Kullanılıyor,benchmark,"UCR arşivinin serisi; ucr / ucr_fizyo* olarak değerlendirmede, eğitime girmez",ucr
KDD21 / UCR Anomaly Series 148,https://www.thedatum.org/datasets/TSB-AD-U.zip,Global,GitHub/Web,Normalized CSV Label column (0/1),KDD21/UCR via TSB-AD-U,Independent labeled time series,Kullanılıyor,benchmark,"UCR arşivinin serisi; ucr / ucr_fizyo* olarak değerlendirmede, eğitime girmez",ucr
KDD21 / UCR Anomaly Series 149,https://www.thedatum.org/datasets/TSB-AD-U.zip,Global,GitHub/Web,Normalized CSV Label column (0/1),KDD21/UCR via TSB-AD-U,Independent labeled time series,Kullanılıyor,benchmark,"UCR arşivinin serisi; ucr / ucr_fizyo* olarak değerlendirmede, eğitime girmez",ucr
KDD21 / UCR Anomaly Series 150,https://www.thedatum.org/datasets/TSB-AD-U.zip,Global,GitHub/Web,Normalized CSV Label column (0/1),KDD21/UCR via TSB-AD-U,Independent labeled time series,Kullanılıyor,benchmark,"UCR arşivinin serisi; ucr / ucr_fizyo* olarak değerlendirmede, eğitime girmez",ucr
KDD21 / UCR Anomaly Series 151,https://www.thedatum.org/datasets/TSB-AD-U.zip,Global,GitHub/Web,Normalized CSV Label column (0/1),KDD21/UCR via TSB-AD-U,Independent labeled time series,Kullanılıyor,benchmark,"UCR arşivinin serisi; ucr / ucr_fizyo* olarak değerlendirmede, eğitime girmez",ucr
KDD21 / UCR Anomaly Series 152,https://www.thedatum.org/datasets/TSB-AD-U.zip,Global,GitHub/Web,Normalized CSV Label column (0/1),KDD21/UCR via TSB-AD-U,Independent labeled time series,Kullanılıyor,benchmark,"UCR arşivinin serisi; ucr / ucr_fizyo* olarak değerlendirmede, eğitime girmez",ucr
KDD21 / UCR Anomaly Series 153,https://www.thedatum.org/datasets/TSB-AD-U.zip,Global,GitHub/Web,Normalized CSV Label column (0/1),KDD21/UCR via TSB-AD-U,Independent labeled time series,Kullanılıyor,benchmark,"UCR arşivinin serisi; ucr / ucr_fizyo* olarak değerlendirmede, eğitime girmez",ucr
KDD21 / UCR Anomaly Series 154,https://www.thedatum.org/datasets/TSB-AD-U.zip,Global,GitHub/Web,Normalized CSV Label column (0/1),KDD21/UCR via TSB-AD-U,Independent labeled time series,Kullanılıyor,benchmark,"UCR arşivinin serisi; ucr / ucr_fizyo* olarak değerlendirmede, eğitime girmez",ucr
KDD21 / UCR Anomaly Series 155,https://www.thedatum.org/datasets/TSB-AD-U.zip,Global,GitHub/Web,Normalized CSV Label column (0/1),KDD21/UCR via TSB-AD-U,Independent labeled time series,Kullanılıyor,benchmark,"UCR arşivinin serisi; ucr / ucr_fizyo* olarak değerlendirmede, eğitime girmez",ucr
KDD21 / UCR Anomaly Series 156,https://www.thedatum.org/datasets/TSB-AD-U.zip,Global,GitHub/Web,Normalized CSV Label column (0/1),KDD21/UCR via TSB-AD-U,Independent labeled time series,Kullanılıyor,benchmark,"UCR arşivinin serisi; ucr / ucr_fizyo* olarak değerlendirmede, eğitime girmez",ucr
KDD21 / UCR Anomaly Series 157,https://www.thedatum.org/datasets/TSB-AD-U.zip,Global,GitHub/Web,Normalized CSV Label column (0/1),KDD21/UCR via TSB-AD-U,Independent labeled time series,Kullanılıyor,benchmark,"UCR arşivinin serisi; ucr / ucr_fizyo* olarak değerlendirmede, eğitime girmez",ucr
KDD21 / UCR Anomaly Series 158,https://www.thedatum.org/datasets/TSB-AD-U.zip,Global,GitHub/Web,Normalized CSV Label column (0/1),KDD21/UCR via TSB-AD-U,Independent labeled time series,Kullanılıyor,benchmark,"UCR arşivinin serisi; ucr / ucr_fizyo* olarak değerlendirmede, eğitime girmez",ucr
KDD21 / UCR Anomaly Series 159,https://www.thedatum.org/datasets/TSB-AD-U.zip,Global,GitHub/Web,Normalized CSV Label column (0/1),KDD21/UCR via TSB-AD-U,Independent labeled time series,Kullanılıyor,benchmark,"UCR arşivinin serisi; ucr / ucr_fizyo* olarak değerlendirmede, eğitime girmez",ucr
KDD21 / UCR Anomaly Series 160,https://www.thedatum.org/datasets/TSB-AD-U.zip,Global,GitHub/Web,Normalized CSV Label column (0/1),KDD21/UCR via TSB-AD-U,Independent labeled time series,Kullanılıyor,benchmark,"UCR arşivinin serisi; ucr / ucr_fizyo* olarak değerlendirmede, eğitime girmez",ucr
KDD21 / UCR Anomaly Series 161,https://www.thedatum.org/datasets/TSB-AD-U.zip,Global,GitHub/Web,Normalized CSV Label column (0/1),KDD21/UCR via TSB-AD-U,Independent labeled time series,Kullanılıyor,benchmark,"UCR arşivinin serisi; ucr / ucr_fizyo* olarak değerlendirmede, eğitime girmez",ucr
KDD21 / UCR Anomaly Series 162,https://www.thedatum.org/datasets/TSB-AD-U.zip,Global,GitHub/Web,Normalized CSV Label column (0/1),KDD21/UCR via TSB-AD-U,Independent labeled time series,Kullanılıyor,benchmark,"UCR arşivinin serisi; ucr / ucr_fizyo* olarak değerlendirmede, eğitime girmez",ucr
KDD21 / UCR Anomaly Series 163,https://www.thedatum.org/datasets/TSB-AD-U.zip,Global,GitHub/Web,Normalized CSV Label column (0/1),KDD21/UCR via TSB-AD-U,Independent labeled time series,Kullanılıyor,benchmark,"UCR arşivinin serisi; ucr / ucr_fizyo* olarak değerlendirmede, eğitime girmez",ucr
KDD21 / UCR Anomaly Series 164,https://www.thedatum.org/datasets/TSB-AD-U.zip,Global,GitHub/Web,Normalized CSV Label column (0/1),KDD21/UCR via TSB-AD-U,Independent labeled time series,Kullanılıyor,benchmark,"UCR arşivinin serisi; ucr / ucr_fizyo* olarak değerlendirmede, eğitime girmez",ucr
KDD21 / UCR Anomaly Series 165,https://www.thedatum.org/datasets/TSB-AD-U.zip,Global,GitHub/Web,Normalized CSV Label column (0/1),KDD21/UCR via TSB-AD-U,Independent labeled time series,Kullanılıyor,benchmark,"UCR arşivinin serisi; ucr / ucr_fizyo* olarak değerlendirmede, eğitime girmez",ucr
KDD21 / UCR Anomaly Series 166,https://www.thedatum.org/datasets/TSB-AD-U.zip,Global,GitHub/Web,Normalized CSV Label column (0/1),KDD21/UCR via TSB-AD-U,Independent labeled time series,Kullanılıyor,benchmark,"UCR arşivinin serisi; ucr / ucr_fizyo* olarak değerlendirmede, eğitime girmez",ucr
KDD21 / UCR Anomaly Series 167,https://www.thedatum.org/datasets/TSB-AD-U.zip,Global,GitHub/Web,Normalized CSV Label column (0/1),KDD21/UCR via TSB-AD-U,Independent labeled time series,Kullanılıyor,benchmark,"UCR arşivinin serisi; ucr / ucr_fizyo* olarak değerlendirmede, eğitime girmez",ucr
KDD21 / UCR Anomaly Series 168,https://www.thedatum.org/datasets/TSB-AD-U.zip,Global,GitHub/Web,Normalized CSV Label column (0/1),KDD21/UCR via TSB-AD-U,Independent labeled time series,Kullanılıyor,benchmark,"UCR arşivinin serisi; ucr / ucr_fizyo* olarak değerlendirmede, eğitime girmez",ucr
KDD21 / UCR Anomaly Series 169,https://www.thedatum.org/datasets/TSB-AD-U.zip,Global,GitHub/Web,Normalized CSV Label column (0/1),KDD21/UCR via TSB-AD-U,Independent labeled time series,Kullanılıyor,benchmark,"UCR arşivinin serisi; ucr / ucr_fizyo* olarak değerlendirmede, eğitime girmez",ucr
KDD21 / UCR Anomaly Series 170,https://www.thedatum.org/datasets/TSB-AD-U.zip,Global,GitHub/Web,Normalized CSV Label column (0/1),KDD21/UCR via TSB-AD-U,Independent labeled time series,Kullanılıyor,benchmark,"UCR arşivinin serisi; ucr / ucr_fizyo* olarak değerlendirmede, eğitime girmez",ucr
KDD21 / UCR Anomaly Series 171,https://www.thedatum.org/datasets/TSB-AD-U.zip,Global,GitHub/Web,Normalized CSV Label column (0/1),KDD21/UCR via TSB-AD-U,Independent labeled time series,Kullanılıyor,benchmark,"UCR arşivinin serisi; ucr / ucr_fizyo* olarak değerlendirmede, eğitime girmez",ucr
KDD21 / UCR Anomaly Series 172,https://www.thedatum.org/datasets/TSB-AD-U.zip,Global,GitHub/Web,Normalized CSV Label column (0/1),KDD21/UCR via TSB-AD-U,Independent labeled time series,Kullanılıyor,benchmark,"UCR arşivinin serisi; ucr / ucr_fizyo* olarak değerlendirmede, eğitime girmez",ucr
KDD21 / UCR Anomaly Series 173,https://www.thedatum.org/datasets/TSB-AD-U.zip,Global,GitHub/Web,Normalized CSV Label column (0/1),KDD21/UCR via TSB-AD-U,Independent labeled time series,Kullanılıyor,benchmark,"UCR arşivinin serisi; ucr / ucr_fizyo* olarak değerlendirmede, eğitime girmez",ucr
KDD21 / UCR Anomaly Series 174,https://www.thedatum.org/datasets/TSB-AD-U.zip,Global,GitHub/Web,Normalized CSV Label column (0/1),KDD21/UCR via TSB-AD-U,Independent labeled time series,Kullanılıyor,benchmark,"UCR arşivinin serisi; ucr / ucr_fizyo* olarak değerlendirmede, eğitime girmez",ucr
KDD21 / UCR Anomaly Series 175,https://www.thedatum.org/datasets/TSB-AD-U.zip,Global,GitHub/Web,Normalized CSV Label column (0/1),KDD21/UCR via TSB-AD-U,Independent labeled time series,Kullanılıyor,benchmark,"UCR arşivinin serisi; ucr / ucr_fizyo* olarak değerlendirmede, eğitime girmez",ucr
KDD21 / UCR Anomaly Series 176,https://www.thedatum.org/datasets/TSB-AD-U.zip,Global,GitHub/Web,Normalized CSV Label column (0/1),KDD21/UCR via TSB-AD-U,Independent labeled time series,Kullanılıyor,benchmark,"UCR arşivinin serisi; ucr / ucr_fizyo* olarak değerlendirmede, eğitime girmez",ucr
KDD21 / UCR Anomaly Series 177,https://www.thedatum.org/datasets/TSB-AD-U.zip,Global,GitHub/Web,Normalized CSV Label column (0/1),KDD21/UCR via TSB-AD-U,Independent labeled time series,Kullanılıyor,benchmark,"UCR arşivinin serisi; ucr / ucr_fizyo* olarak değerlendirmede, eğitime girmez",ucr
KDD21 / UCR Anomaly Series 178,https://www.thedatum.org/datasets/TSB-AD-U.zip,Global,GitHub/Web,Normalized CSV Label column (0/1),KDD21/UCR via TSB-AD-U,Independent labeled time series,Kullanılıyor,benchmark,"UCR arşivinin serisi; ucr / ucr_fizyo* olarak değerlendirmede, eğitime girmez",ucr
KDD21 / UCR Anomaly Series 179,https://www.thedatum.org/datasets/TSB-AD-U.zip,Global,GitHub/Web,Normalized CSV Label column (0/1),KDD21/UCR via TSB-AD-U,Independent labeled time series,Kullanılıyor,benchmark,"UCR arşivinin serisi; ucr / ucr_fizyo* olarak değerlendirmede, eğitime girmez",ucr
KDD21 / UCR Anomaly Series 180,https://www.thedatum.org/datasets/TSB-AD-U.zip,Global,GitHub/Web,Normalized CSV Label column (0/1),KDD21/UCR via TSB-AD-U,Independent labeled time series,Kullanılıyor,benchmark,"UCR arşivinin serisi; ucr / ucr_fizyo* olarak değerlendirmede, eğitime girmez",ucr
KDD21 / UCR Anomaly Series 181,https://www.thedatum.org/datasets/TSB-AD-U.zip,Global,GitHub/Web,Normalized CSV Label column (0/1),KDD21/UCR via TSB-AD-U,Independent labeled time series,Kullanılıyor,benchmark,"UCR arşivinin serisi; ucr / ucr_fizyo* olarak değerlendirmede, eğitime girmez",ucr
KDD21 / UCR Anomaly Series 182,https://www.thedatum.org/datasets/TSB-AD-U.zip,Global,GitHub/Web,Normalized CSV Label column (0/1),KDD21/UCR via TSB-AD-U,Independent labeled time series,Kullanılıyor,benchmark,"UCR arşivinin serisi; ucr / ucr_fizyo* olarak değerlendirmede, eğitime girmez",ucr
KDD21 / UCR Anomaly Series 183,https://www.thedatum.org/datasets/TSB-AD-U.zip,Global,GitHub/Web,Normalized CSV Label column (0/1),KDD21/UCR via TSB-AD-U,Independent labeled time series,Kullanılıyor,benchmark,"UCR arşivinin serisi; ucr / ucr_fizyo* olarak değerlendirmede, eğitime girmez",ucr
KDD21 / UCR Anomaly Series 184,https://www.thedatum.org/datasets/TSB-AD-U.zip,Global,GitHub/Web,Normalized CSV Label column (0/1),KDD21/UCR via TSB-AD-U,Independent labeled time series,Kullanılıyor,benchmark,"UCR arşivinin serisi; ucr / ucr_fizyo* olarak değerlendirmede, eğitime girmez",ucr
KDD21 / UCR Anomaly Series 185,https://www.thedatum.org/datasets/TSB-AD-U.zip,Global,GitHub/Web,Normalized CSV Label column (0/1),KDD21/UCR via TSB-AD-U,Independent labeled time series,Kullanılıyor,benchmark,"UCR arşivinin serisi; ucr / ucr_fizyo* olarak değerlendirmede, eğitime girmez",ucr
KDD21 / UCR Anomaly Series 186,https://www.thedatum.org/datasets/TSB-AD-U.zip,Global,GitHub/Web,Normalized CSV Label column (0/1),KDD21/UCR via TSB-AD-U,Independent labeled time series,Kullanılıyor,benchmark,"UCR arşivinin serisi; ucr / ucr_fizyo* olarak değerlendirmede, eğitime girmez",ucr
KDD21 / UCR Anomaly Series 187,https://www.thedatum.org/datasets/TSB-AD-U.zip,Global,GitHub/Web,Normalized CSV Label column (0/1),KDD21/UCR via TSB-AD-U,Independent labeled time series,Kullanılıyor,benchmark,"UCR arşivinin serisi; ucr / ucr_fizyo* olarak değerlendirmede, eğitime girmez",ucr
KDD21 / UCR Anomaly Series 188,https://www.thedatum.org/datasets/TSB-AD-U.zip,Global,GitHub/Web,Normalized CSV Label column (0/1),KDD21/UCR via TSB-AD-U,Independent labeled time series,Kullanılıyor,benchmark,"UCR arşivinin serisi; ucr / ucr_fizyo* olarak değerlendirmede, eğitime girmez",ucr
KDD21 / UCR Anomaly Series 189,https://www.thedatum.org/datasets/TSB-AD-U.zip,Global,GitHub/Web,Normalized CSV Label column (0/1),KDD21/UCR via TSB-AD-U,Independent labeled time series,Kullanılıyor,benchmark,"UCR arşivinin serisi; ucr / ucr_fizyo* olarak değerlendirmede, eğitime girmez",ucr
KDD21 / UCR Anomaly Series 190,https://www.thedatum.org/datasets/TSB-AD-U.zip,Global,GitHub/Web,Normalized CSV Label column (0/1),KDD21/UCR via TSB-AD-U,Independent labeled time series,Kullanılıyor,benchmark,"UCR arşivinin serisi; ucr / ucr_fizyo* olarak değerlendirmede, eğitime girmez",ucr
KDD21 / UCR Anomaly Series 191,https://www.thedatum.org/datasets/TSB-AD-U.zip,Global,GitHub/Web,Normalized CSV Label column (0/1),KDD21/UCR via TSB-AD-U,Independent labeled time series,Kullanılıyor,benchmark,"UCR arşivinin serisi; ucr / ucr_fizyo* olarak değerlendirmede, eğitime girmez",ucr
KDD21 / UCR Anomaly Series 192,https://www.thedatum.org/datasets/TSB-AD-U.zip,Global,GitHub/Web,Normalized CSV Label column (0/1),KDD21/UCR via TSB-AD-U,Independent labeled time series,Kullanılıyor,benchmark,"UCR arşivinin serisi; ucr / ucr_fizyo* olarak değerlendirmede, eğitime girmez",ucr
KDD21 / UCR Anomaly Series 193,https://www.thedatum.org/datasets/TSB-AD-U.zip,Global,GitHub/Web,Normalized CSV Label column (0/1),KDD21/UCR via TSB-AD-U,Independent labeled time series,Kullanılıyor,benchmark,"UCR arşivinin serisi; ucr / ucr_fizyo* olarak değerlendirmede, eğitime girmez",ucr
KDD21 / UCR Anomaly Series 194,https://www.thedatum.org/datasets/TSB-AD-U.zip,Global,GitHub/Web,Normalized CSV Label column (0/1),KDD21/UCR via TSB-AD-U,Independent labeled time series,Kullanılıyor,benchmark,"UCR arşivinin serisi; ucr / ucr_fizyo* olarak değerlendirmede, eğitime girmez",ucr
KDD21 / UCR Anomaly Series 195,https://www.thedatum.org/datasets/TSB-AD-U.zip,Global,GitHub/Web,Normalized CSV Label column (0/1),KDD21/UCR via TSB-AD-U,Independent labeled time series,Kullanılıyor,benchmark,"UCR arşivinin serisi; ucr / ucr_fizyo* olarak değerlendirmede, eğitime girmez",ucr
KDD21 / UCR Anomaly Series 196,https://www.thedatum.org/datasets/TSB-AD-U.zip,Global,GitHub/Web,Normalized CSV Label column (0/1),KDD21/UCR via TSB-AD-U,Independent labeled time series,Kullanılıyor,benchmark,"UCR arşivinin serisi; ucr / ucr_fizyo* olarak değerlendirmede, eğitime girmez",ucr
KDD21 / UCR Anomaly Series 197,https://www.thedatum.org/datasets/TSB-AD-U.zip,Global,GitHub/Web,Normalized CSV Label column (0/1),KDD21/UCR via TSB-AD-U,Independent labeled time series,Kullanılıyor,benchmark,"UCR arşivinin serisi; ucr / ucr_fizyo* olarak değerlendirmede, eğitime girmez",ucr
KDD21 / UCR Anomaly Series 198,https://www.thedatum.org/datasets/TSB-AD-U.zip,Global,GitHub/Web,Normalized CSV Label column (0/1),KDD21/UCR via TSB-AD-U,Independent labeled time series,Kullanılıyor,benchmark,"UCR arşivinin serisi; ucr / ucr_fizyo* olarak değerlendirmede, eğitime girmez",ucr
KDD21 / UCR Anomaly Series 199,https://www.thedatum.org/datasets/TSB-AD-U.zip,Global,GitHub/Web,Normalized CSV Label column (0/1),KDD21/UCR via TSB-AD-U,Independent labeled time series,Kullanılıyor,benchmark,"UCR arşivinin serisi; ucr / ucr_fizyo* olarak değerlendirmede, eğitime girmez",ucr
KDD21 / UCR Anomaly Series 200,https://www.thedatum.org/datasets/TSB-AD-U.zip,Global,GitHub/Web,Normalized CSV Label column (0/1),KDD21/UCR via TSB-AD-U,Independent labeled time series,Kullanılıyor,benchmark,"UCR arşivinin serisi; ucr / ucr_fizyo* olarak değerlendirmede, eğitime girmez",ucr
KDD21 / UCR Anomaly Series 201,https://www.thedatum.org/datasets/TSB-AD-U.zip,Global,GitHub/Web,Normalized CSV Label column (0/1),KDD21/UCR via TSB-AD-U,Independent labeled time series,Kullanılıyor,benchmark,"UCR arşivinin serisi; ucr / ucr_fizyo* olarak değerlendirmede, eğitime girmez",ucr
KDD21 / UCR Anomaly Series 202,https://www.thedatum.org/datasets/TSB-AD-U.zip,Global,GitHub/Web,Normalized CSV Label column (0/1),KDD21/UCR via TSB-AD-U,Independent labeled time series,Kullanılıyor,benchmark,"UCR arşivinin serisi; ucr / ucr_fizyo* olarak değerlendirmede, eğitime girmez",ucr
KDD21 / UCR Anomaly Series 203,https://www.thedatum.org/datasets/TSB-AD-U.zip,Global,GitHub/Web,Normalized CSV Label column (0/1),KDD21/UCR via TSB-AD-U,Independent labeled time series,Kullanılıyor,benchmark,"UCR arşivinin serisi; ucr / ucr_fizyo* olarak değerlendirmede, eğitime girmez",ucr
KDD21 / UCR Anomaly Series 204,https://www.thedatum.org/datasets/TSB-AD-U.zip,Global,GitHub/Web,Normalized CSV Label column (0/1),KDD21/UCR via TSB-AD-U,Independent labeled time series,Kullanılıyor,benchmark,"UCR arşivinin serisi; ucr / ucr_fizyo* olarak değerlendirmede, eğitime girmez",ucr
KDD21 / UCR Anomaly Series 205,https://www.thedatum.org/datasets/TSB-AD-U.zip,Global,GitHub/Web,Normalized CSV Label column (0/1),KDD21/UCR via TSB-AD-U,Independent labeled time series,Kullanılıyor,benchmark,"UCR arşivinin serisi; ucr / ucr_fizyo* olarak değerlendirmede, eğitime girmez",ucr
KDD21 / UCR Anomaly Series 206,https://www.thedatum.org/datasets/TSB-AD-U.zip,Global,GitHub/Web,Normalized CSV Label column (0/1),KDD21/UCR via TSB-AD-U,Independent labeled time series,Kullanılıyor,benchmark,"UCR arşivinin serisi; ucr / ucr_fizyo* olarak değerlendirmede, eğitime girmez",ucr
KDD21 / UCR Anomaly Series 207,https://www.thedatum.org/datasets/TSB-AD-U.zip,Global,GitHub/Web,Normalized CSV Label column (0/1),KDD21/UCR via TSB-AD-U,Independent labeled time series,Kullanılıyor,benchmark,"UCR arşivinin serisi; ucr / ucr_fizyo* olarak değerlendirmede, eğitime girmez",ucr
KDD21 / UCR Anomaly Series 208,https://www.thedatum.org/datasets/TSB-AD-U.zip,Global,GitHub/Web,Normalized CSV Label column (0/1),KDD21/UCR via TSB-AD-U,Independent labeled time series,Kullanılıyor,benchmark,"UCR arşivinin serisi; ucr / ucr_fizyo* olarak değerlendirmede, eğitime girmez",ucr
KDD21 / UCR Anomaly Series 209,https://www.thedatum.org/datasets/TSB-AD-U.zip,Global,GitHub/Web,Normalized CSV Label column (0/1),KDD21/UCR via TSB-AD-U,Independent labeled time series,Kullanılıyor,benchmark,"UCR arşivinin serisi; ucr / ucr_fizyo* olarak değerlendirmede, eğitime girmez",ucr
KDD21 / UCR Anomaly Series 210,https://www.thedatum.org/datasets/TSB-AD-U.zip,Global,GitHub/Web,Normalized CSV Label column (0/1),KDD21/UCR via TSB-AD-U,Independent labeled time series,Kullanılıyor,benchmark,"UCR arşivinin serisi; ucr / ucr_fizyo* olarak değerlendirmede, eğitime girmez",ucr
KDD21 / UCR Anomaly Series 211,https://www.thedatum.org/datasets/TSB-AD-U.zip,Global,GitHub/Web,Normalized CSV Label column (0/1),KDD21/UCR via TSB-AD-U,Independent labeled time series,Kullanılıyor,benchmark,"UCR arşivinin serisi; ucr / ucr_fizyo* olarak değerlendirmede, eğitime girmez",ucr
KDD21 / UCR Anomaly Series 212,https://www.thedatum.org/datasets/TSB-AD-U.zip,Global,GitHub/Web,Normalized CSV Label column (0/1),KDD21/UCR via TSB-AD-U,Independent labeled time series,Kullanılıyor,benchmark,"UCR arşivinin serisi; ucr / ucr_fizyo* olarak değerlendirmede, eğitime girmez",ucr
KDD21 / UCR Anomaly Series 213,https://www.thedatum.org/datasets/TSB-AD-U.zip,Global,GitHub/Web,Normalized CSV Label column (0/1),KDD21/UCR via TSB-AD-U,Independent labeled time series,Kullanılıyor,benchmark,"UCR arşivinin serisi; ucr / ucr_fizyo* olarak değerlendirmede, eğitime girmez",ucr
KDD21 / UCR Anomaly Series 214,https://www.thedatum.org/datasets/TSB-AD-U.zip,Global,GitHub/Web,Normalized CSV Label column (0/1),KDD21/UCR via TSB-AD-U,Independent labeled time series,Kullanılıyor,benchmark,"UCR arşivinin serisi; ucr / ucr_fizyo* olarak değerlendirmede, eğitime girmez",ucr
KDD21 / UCR Anomaly Series 215,https://www.thedatum.org/datasets/TSB-AD-U.zip,Global,GitHub/Web,Normalized CSV Label column (0/1),KDD21/UCR via TSB-AD-U,Independent labeled time series,Kullanılıyor,benchmark,"UCR arşivinin serisi; ucr / ucr_fizyo* olarak değerlendirmede, eğitime girmez",ucr
KDD21 / UCR Anomaly Series 216,https://www.thedatum.org/datasets/TSB-AD-U.zip,Global,GitHub/Web,Normalized CSV Label column (0/1),KDD21/UCR via TSB-AD-U,Independent labeled time series,Kullanılıyor,benchmark,"UCR arşivinin serisi; ucr / ucr_fizyo* olarak değerlendirmede, eğitime girmez",ucr
KDD21 / UCR Anomaly Series 217,https://www.thedatum.org/datasets/TSB-AD-U.zip,Global,GitHub/Web,Normalized CSV Label column (0/1),KDD21/UCR via TSB-AD-U,Independent labeled time series,Kullanılıyor,benchmark,"UCR arşivinin serisi; ucr / ucr_fizyo* olarak değerlendirmede, eğitime girmez",ucr
KDD21 / UCR Anomaly Series 218,https://www.thedatum.org/datasets/TSB-AD-U.zip,Global,GitHub/Web,Normalized CSV Label column (0/1),KDD21/UCR via TSB-AD-U,Independent labeled time series,Kullanılıyor,benchmark,"UCR arşivinin serisi; ucr / ucr_fizyo* olarak değerlendirmede, eğitime girmez",ucr
KDD21 / UCR Anomaly Series 219,https://www.thedatum.org/datasets/TSB-AD-U.zip,Global,GitHub/Web,Normalized CSV Label column (0/1),KDD21/UCR via TSB-AD-U,Independent labeled time series,Kullanılıyor,benchmark,"UCR arşivinin serisi; ucr / ucr_fizyo* olarak değerlendirmede, eğitime girmez",ucr
KDD21 / UCR Anomaly Series 220,https://www.thedatum.org/datasets/TSB-AD-U.zip,Global,GitHub/Web,Normalized CSV Label column (0/1),KDD21/UCR via TSB-AD-U,Independent labeled time series,Kullanılıyor,benchmark,"UCR arşivinin serisi; ucr / ucr_fizyo* olarak değerlendirmede, eğitime girmez",ucr
KDD21 / UCR Anomaly Series 221,https://www.thedatum.org/datasets/TSB-AD-U.zip,Global,GitHub/Web,Normalized CSV Label column (0/1),KDD21/UCR via TSB-AD-U,Independent labeled time series,Kullanılıyor,benchmark,"UCR arşivinin serisi; ucr / ucr_fizyo* olarak değerlendirmede, eğitime girmez",ucr
KDD21 / UCR Anomaly Series 222,https://www.thedatum.org/datasets/TSB-AD-U.zip,Global,GitHub/Web,Normalized CSV Label column (0/1),KDD21/UCR via TSB-AD-U,Independent labeled time series,Kullanılıyor,benchmark,"UCR arşivinin serisi; ucr / ucr_fizyo* olarak değerlendirmede, eğitime girmez",ucr
KDD21 / UCR Anomaly Series 223,https://www.thedatum.org/datasets/TSB-AD-U.zip,Global,GitHub/Web,Normalized CSV Label column (0/1),KDD21/UCR via TSB-AD-U,Independent labeled time series,Kullanılıyor,benchmark,"UCR arşivinin serisi; ucr / ucr_fizyo* olarak değerlendirmede, eğitime girmez",ucr
KDD21 / UCR Anomaly Series 224,https://www.thedatum.org/datasets/TSB-AD-U.zip,Global,GitHub/Web,Normalized CSV Label column (0/1),KDD21/UCR via TSB-AD-U,Independent labeled time series,Kullanılıyor,benchmark,"UCR arşivinin serisi; ucr / ucr_fizyo* olarak değerlendirmede, eğitime girmez",ucr
KDD21 / UCR Anomaly Series 225,https://www.thedatum.org/datasets/TSB-AD-U.zip,Global,GitHub/Web,Normalized CSV Label column (0/1),KDD21/UCR via TSB-AD-U,Independent labeled time series,Kullanılıyor,benchmark,"UCR arşivinin serisi; ucr / ucr_fizyo* olarak değerlendirmede, eğitime girmez",ucr
KDD21 / UCR Anomaly Series 226,https://www.thedatum.org/datasets/TSB-AD-U.zip,Global,GitHub/Web,Normalized CSV Label column (0/1),KDD21/UCR via TSB-AD-U,Independent labeled time series,Kullanılıyor,benchmark,"UCR arşivinin serisi; ucr / ucr_fizyo* olarak değerlendirmede, eğitime girmez",ucr
KDD21 / UCR Anomaly Series 227,https://www.thedatum.org/datasets/TSB-AD-U.zip,Global,GitHub/Web,Normalized CSV Label column (0/1),KDD21/UCR via TSB-AD-U,Independent labeled time series,Kullanılıyor,benchmark,"UCR arşivinin serisi; ucr / ucr_fizyo* olarak değerlendirmede, eğitime girmez",ucr
KDD21 / UCR Anomaly Series 228,https://www.thedatum.org/datasets/TSB-AD-U.zip,Global,GitHub/Web,Normalized CSV Label column (0/1),KDD21/UCR via TSB-AD-U,Independent labeled time series,Kullanılıyor,benchmark,"UCR arşivinin serisi; ucr / ucr_fizyo* olarak değerlendirmede, eğitime girmez",ucr
KDD21 / UCR Anomaly Series 229,https://www.thedatum.org/datasets/TSB-AD-U.zip,Global,GitHub/Web,Normalized CSV Label column (0/1),KDD21/UCR via TSB-AD-U,Independent labeled time series,Kullanılıyor,benchmark,"UCR arşivinin serisi; ucr / ucr_fizyo* olarak değerlendirmede, eğitime girmez",ucr
KDD21 / UCR Anomaly Series 230,https://www.thedatum.org/datasets/TSB-AD-U.zip,Global,GitHub/Web,Normalized CSV Label column (0/1),KDD21/UCR via TSB-AD-U,Independent labeled time series,Kullanılıyor,benchmark,"UCR arşivinin serisi; ucr / ucr_fizyo* olarak değerlendirmede, eğitime girmez",ucr
KDD21 / UCR Anomaly Series 231,https://www.thedatum.org/datasets/TSB-AD-U.zip,Global,GitHub/Web,Normalized CSV Label column (0/1),KDD21/UCR via TSB-AD-U,Independent labeled time series,Kullanılıyor,benchmark,"UCR arşivinin serisi; ucr / ucr_fizyo* olarak değerlendirmede, eğitime girmez",ucr
KDD21 / UCR Anomaly Series 232,https://www.thedatum.org/datasets/TSB-AD-U.zip,Global,GitHub/Web,Normalized CSV Label column (0/1),KDD21/UCR via TSB-AD-U,Independent labeled time series,Kullanılıyor,benchmark,"UCR arşivinin serisi; ucr / ucr_fizyo* olarak değerlendirmede, eğitime girmez",ucr
KDD21 / UCR Anomaly Series 233,https://www.thedatum.org/datasets/TSB-AD-U.zip,Global,GitHub/Web,Normalized CSV Label column (0/1),KDD21/UCR via TSB-AD-U,Independent labeled time series,Kullanılıyor,benchmark,"UCR arşivinin serisi; ucr / ucr_fizyo* olarak değerlendirmede, eğitime girmez",ucr
KDD21 / UCR Anomaly Series 234,https://www.thedatum.org/datasets/TSB-AD-U.zip,Global,GitHub/Web,Normalized CSV Label column (0/1),KDD21/UCR via TSB-AD-U,Independent labeled time series,Kullanılıyor,benchmark,"UCR arşivinin serisi; ucr / ucr_fizyo* olarak değerlendirmede, eğitime girmez",ucr
KDD21 / UCR Anomaly Series 235,https://www.thedatum.org/datasets/TSB-AD-U.zip,Global,GitHub/Web,Normalized CSV Label column (0/1),KDD21/UCR via TSB-AD-U,Independent labeled time series,Kullanılıyor,benchmark,"UCR arşivinin serisi; ucr / ucr_fizyo* olarak değerlendirmede, eğitime girmez",ucr
KDD21 / UCR Anomaly Series 236,https://www.thedatum.org/datasets/TSB-AD-U.zip,Global,GitHub/Web,Normalized CSV Label column (0/1),KDD21/UCR via TSB-AD-U,Independent labeled time series,Kullanılıyor,benchmark,"UCR arşivinin serisi; ucr / ucr_fizyo* olarak değerlendirmede, eğitime girmez",ucr
KDD21 / UCR Anomaly Series 237,https://www.thedatum.org/datasets/TSB-AD-U.zip,Global,GitHub/Web,Normalized CSV Label column (0/1),KDD21/UCR via TSB-AD-U,Independent labeled time series,Kullanılıyor,benchmark,"UCR arşivinin serisi; ucr / ucr_fizyo* olarak değerlendirmede, eğitime girmez",ucr
KDD21 / UCR Anomaly Series 238,https://www.thedatum.org/datasets/TSB-AD-U.zip,Global,GitHub/Web,Normalized CSV Label column (0/1),KDD21/UCR via TSB-AD-U,Independent labeled time series,Kullanılıyor,benchmark,"UCR arşivinin serisi; ucr / ucr_fizyo* olarak değerlendirmede, eğitime girmez",ucr
KDD21 / UCR Anomaly Series 239,https://www.thedatum.org/datasets/TSB-AD-U.zip,Global,GitHub/Web,Normalized CSV Label column (0/1),KDD21/UCR via TSB-AD-U,Independent labeled time series,Kullanılıyor,benchmark,"UCR arşivinin serisi; ucr / ucr_fizyo* olarak değerlendirmede, eğitime girmez",ucr
KDD21 / UCR Anomaly Series 240,https://www.thedatum.org/datasets/TSB-AD-U.zip,Global,GitHub/Web,Normalized CSV Label column (0/1),KDD21/UCR via TSB-AD-U,Independent labeled time series,Kullanılıyor,benchmark,"UCR arşivinin serisi; ucr / ucr_fizyo* olarak değerlendirmede, eğitime girmez",ucr
KDD21 / UCR Anomaly Series 241,https://www.thedatum.org/datasets/TSB-AD-U.zip,Global,GitHub/Web,Normalized CSV Label column (0/1),KDD21/UCR via TSB-AD-U,Independent labeled time series,Kullanılıyor,benchmark,"UCR arşivinin serisi; ucr / ucr_fizyo* olarak değerlendirmede, eğitime girmez",ucr
KDD21 / UCR Anomaly Series 242,https://www.thedatum.org/datasets/TSB-AD-U.zip,Global,GitHub/Web,Normalized CSV Label column (0/1),KDD21/UCR via TSB-AD-U,Independent labeled time series,Kullanılıyor,benchmark,"UCR arşivinin serisi; ucr / ucr_fizyo* olarak değerlendirmede, eğitime girmez",ucr
KDD21 / UCR Anomaly Series 243,https://www.thedatum.org/datasets/TSB-AD-U.zip,Global,GitHub/Web,Normalized CSV Label column (0/1),KDD21/UCR via TSB-AD-U,Independent labeled time series,Kullanılıyor,benchmark,"UCR arşivinin serisi; ucr / ucr_fizyo* olarak değerlendirmede, eğitime girmez",ucr
KDD21 / UCR Anomaly Series 244,https://www.thedatum.org/datasets/TSB-AD-U.zip,Global,GitHub/Web,Normalized CSV Label column (0/1),KDD21/UCR via TSB-AD-U,Independent labeled time series,Kullanılıyor,benchmark,"UCR arşivinin serisi; ucr / ucr_fizyo* olarak değerlendirmede, eğitime girmez",ucr
KDD21 / UCR Anomaly Series 245,https://www.thedatum.org/datasets/TSB-AD-U.zip,Global,GitHub/Web,Normalized CSV Label column (0/1),KDD21/UCR via TSB-AD-U,Independent labeled time series,Kullanılıyor,benchmark,"UCR arşivinin serisi; ucr / ucr_fizyo* olarak değerlendirmede, eğitime girmez",ucr
KDD21 / UCR Anomaly Series 246,https://www.thedatum.org/datasets/TSB-AD-U.zip,Global,GitHub/Web,Normalized CSV Label column (0/1),KDD21/UCR via TSB-AD-U,Independent labeled time series,Kullanılıyor,benchmark,"UCR arşivinin serisi; ucr / ucr_fizyo* olarak değerlendirmede, eğitime girmez",ucr
KDD21 / UCR Anomaly Series 247,https://www.thedatum.org/datasets/TSB-AD-U.zip,Global,GitHub/Web,Normalized CSV Label column (0/1),KDD21/UCR via TSB-AD-U,Independent labeled time series,Kullanılıyor,benchmark,"UCR arşivinin serisi; ucr / ucr_fizyo* olarak değerlendirmede, eğitime girmez",ucr
KDD21 / UCR Anomaly Series 248,https://www.thedatum.org/datasets/TSB-AD-U.zip,Global,GitHub/Web,Normalized CSV Label column (0/1),KDD21/UCR via TSB-AD-U,Independent labeled time series,Kullanılıyor,benchmark,"UCR arşivinin serisi; ucr / ucr_fizyo* olarak değerlendirmede, eğitime girmez",ucr
KDD21 / UCR Anomaly Series 249,https://www.thedatum.org/datasets/TSB-AD-U.zip,Global,GitHub/Web,Normalized CSV Label column (0/1),KDD21/UCR via TSB-AD-U,Independent labeled time series,Kullanılıyor,benchmark,"UCR arşivinin serisi; ucr / ucr_fizyo* olarak değerlendirmede, eğitime girmez",ucr
KDD21 / UCR Anomaly Series 250,https://www.thedatum.org/datasets/TSB-AD-U.zip,Global,GitHub/Web,Normalized CSV Label column (0/1),KDD21/UCR via TSB-AD-U,Independent labeled time series,Kullanılıyor,benchmark,"UCR arşivinin serisi; ucr / ucr_fizyo* olarak değerlendirmede, eğitime girmez",ucr
UCR Time Series Anomaly Archive 2021,https://www.cs.ucr.edu/~eamonn/time_series_data_2018/UCR_TimeSeriesAnomalyDatasets2021.zip,Global,University,Anomaly interval encoded in benchmark; use normalized TSB-AD-U for 0/1 column,UCR/KDD21,,Kullanılıyor,benchmark,İndirildi; 250 seri değerlendirmede (tekrar dosyası temizlendi),ucr
UCR Time Series Anomaly Archive - Figshare,https://figshare.com/articles/dataset/UCR_Time_Series_Anomaly_Detection_datasets_2021_/26410744,Global,Figshare,Anomaly interval benchmark; convert or use TSB-AD-U,UCR/KDD21,,Kopya / ayna,–,UCR arşivinin aynası,
Numenta Anomaly Benchmark (NAB),https://github.com/numenta/NAB,Global,GitHub/Web,Binary 0/1 labels,NAB,,Kullanılıyor,benchmark,"58 seri, pencere etiketleriyle değerlendirmede",nab
NAB - artificialWithAnomaly,https://github.com/numenta/NAB/tree/master/data/artificialWithAnomaly,Global,GitHub/Web,Timestamp anomaly windows / binary labels derivable,NAB,,Kullanılıyor,benchmark,NAB alt kümesi/serisi; değerlendirmede,
NAB - realAWSCloudwatch,https://github.com/numenta/NAB/tree/master/data/realAWSCloudwatch,Global,GitHub/Web,Timestamp anomaly windows / binary labels derivable,NAB,,Kullanılıyor,benchmark,NAB alt kümesi/serisi; değerlendirmede,
NAB - realAdExchange,https://github.com/numenta/NAB/tree/master/data/realAdExchange,Global,GitHub/Web,Timestamp anomaly windows / binary labels derivable,NAB,,Kullanılıyor,benchmark,NAB alt kümesi/serisi; değerlendirmede,
NAB - realKnownCause,https://github.com/numenta/NAB/tree/master/data/realKnownCause,Global,GitHub/Web,Timestamp anomaly windows / binary labels derivable,NAB,,Kullanılıyor,benchmark,NAB alt kümesi/serisi; değerlendirmede,
NAB - realTraffic,https://github.com/numenta/NAB/tree/master/data/realTraffic,Global,GitHub/Web,Timestamp anomaly windows / binary labels derivable,NAB,,Kullanılıyor,benchmark,NAB alt kümesi/serisi; değerlendirmede,
NAB - realTweets,https://github.com/numenta/NAB/tree/master/data/realTweets,Global,GitHub/Web,Timestamp anomaly windows / binary labels derivable,NAB,,Kullanılıyor,benchmark,NAB alt kümesi/serisi; değerlendirmede,
NAB - ambient_temperature_system_failure,https://github.com/numenta/NAB/blob/master/data/realKnownCause/ambient_temperature_system_failure.csv,Global,GitHub/Web,Timestamp anomaly windows / binary labels derivable,NAB,,Kullanılıyor,benchmark,NAB alt kümesi/serisi; değerlendirmede,
NAB - cpu_utilization_asg_misconfiguration,https://github.com/numenta/NAB/blob/master/data/realKnownCause/cpu_utilization_asg_misconfiguration.csv,Global,GitHub/Web,Timestamp anomaly windows / binary labels derivable,NAB,,Kullanılıyor,benchmark,NAB alt kümesi/serisi; değerlendirmede,
NAB - ec2_request_latency_system_failure,https://github.com/numenta/NAB/blob/master/data/realKnownCause/ec2_request_latency_system_failure.csv,Global,GitHub/Web,Timestamp anomaly windows / binary labels derivable,NAB,,Kullanılıyor,benchmark,NAB alt kümesi/serisi; değerlendirmede,
NAB - machine_temperature_system_failure,https://github.com/numenta/NAB/blob/master/data/realKnownCause/machine_temperature_system_failure.csv,Global,GitHub/Web,Timestamp anomaly windows / binary labels derivable,NAB,,Kullanılıyor,benchmark,NAB alt kümesi/serisi; değerlendirmede,
NAB - nyc_taxi,https://github.com/numenta/NAB/blob/master/data/realKnownCause/nyc_taxi.csv,Global,GitHub/Web,Timestamp anomaly windows / binary labels derivable,NAB,,Kullanılıyor,benchmark,NAB alt kümesi/serisi; değerlendirmede,
NAB - rogue_agent_key_hold,https://github.com/numenta/NAB/blob/master/data/realKnownCause/rogue_agent_key_hold.csv,Global,GitHub/Web,Timestamp anomaly windows / binary labels derivable,NAB,,Kullanılıyor,benchmark,NAB alt kümesi/serisi; değerlendirmede,
NAB - rogue_agent_key_updown,https://github.com/numenta/NAB/blob/master/data/realKnownCause/rogue_agent_key_updown.csv,Global,GitHub/Web,Timestamp anomaly windows / binary labels derivable,NAB,,Kullanılıyor,benchmark,NAB alt kümesi/serisi; değerlendirmede,
Yahoo S5 / Yahoo Labeled Time Series Anomalies,https://huggingface.co/datasets/YahooResearch/ydata-labeled-time-series-anomalies-v1_0,Global,Hugging Face,Binary 0/1 labels,Yahoo S5,,Sadece değerlendirme,benchmark,HF'de erişim izniyle; araştırma lisansı (yeniden dağıtım yok). TSB-AD-U içinde,
Yahoo S5 - A1Benchmark,https://huggingface.co/datasets/YahooResearch/ydata-labeled-time-series-anomalies-v1_0,Global,Hugging Face,Binary 0/1 labels,Yahoo S5,,Sadece değerlendirme,benchmark,Araştırma lisansı; TSB-AD-U içinde,
Yahoo S5 - A2Benchmark,https://huggingface.co/datasets/YahooResearch/ydata-labeled-time-series-anomalies-v1_0,Global,Hugging Face,Binary 0/1 labels,Yahoo S5,,Sadece değerlendirme,benchmark,Araştırma lisansı; TSB-AD-U içinde,
Yahoo S5 - A3Benchmark,https://huggingface.co/datasets/YahooResearch/ydata-labeled-time-series-anomalies-v1_0,Global,Hugging Face,Binary 0/1 labels,Yahoo S5,,Sadece değerlendirme,benchmark,Araştırma lisansı; TSB-AD-U içinde,
Yahoo S5 - A4Benchmark,https://huggingface.co/datasets/YahooResearch/ydata-labeled-time-series-anomalies-v1_0,Global,Hugging Face,Binary 0/1 labels,Yahoo S5,,Sadece değerlendirme,benchmark,Araştırma lisansı; TSB-AD-U içinde,
MGAB / Mackey-Glass Anomaly Benchmark,https://github.com/MarkusThill/MGAB,Global,GitHub/Web,Binary 0/1 labels,MGAB,,Sadece değerlendirme,benchmark,Sentetik kaotik; TSB-AD-U içinde. Eğitim için değer katmaz,
MGAB-1,https://github.com/MarkusThill/MGAB,Global,GitHub/Web,Binary 0/1 labels,MGAB,,Sadece değerlendirme,benchmark,Sentetik kaotik; TSB-AD-U içinde,
MGAB-2,https://github.com/MarkusThill/MGAB,Global,GitHub/Web,Binary 0/1 labels,MGAB,,Sadece değerlendirme,benchmark,Sentetik kaotik; TSB-AD-U içinde,
MGAB-3,https://github.com/MarkusThill/MGAB,Global,GitHub/Web,Binary 0/1 labels,MGAB,,Sadece değerlendirme,benchmark,Sentetik kaotik; TSB-AD-U içinde,
MGAB-4,https://github.com/MarkusThill/MGAB,Global,GitHub/Web,Binary 0/1 labels,MGAB,,Sadece değerlendirme,benchmark,Sentetik kaotik; TSB-AD-U içinde,
MGAB-5,https://github.com/MarkusThill/MGAB,Global,GitHub/Web,Binary 0/1 labels,MGAB,,Sadece değerlendirme,benchmark,Sentetik kaotik; TSB-AD-U içinde,
MGAB-6,https://github.com/MarkusThill/MGAB,Global,GitHub/Web,Binary 0/1 labels,MGAB,,Sadece değerlendirme,benchmark,Sentetik kaotik; TSB-AD-U içinde,
MGAB-7,https://github.com/MarkusThill/MGAB,Global,GitHub/Web,Binary 0/1 labels,MGAB,,Sadece değerlendirme,benchmark,Sentetik kaotik; TSB-AD-U içinde,
MGAB-8,https://github.com/MarkusThill/MGAB,Global,GitHub/Web,Binary 0/1 labels,MGAB,,Sadece değerlendirme,benchmark,Sentetik kaotik; TSB-AD-U içinde,
MGAB-9,https://github.com/MarkusThill/MGAB,Global,GitHub/Web,Binary 0/1 labels,MGAB,,Sadece değerlendirme,benchmark,Sentetik kaotik; TSB-AD-U içinde,
MGAB-10,https://github.com/MarkusThill/MGAB,Global,GitHub/Web,Binary 0/1 labels,MGAB,,Sadece değerlendirme,benchmark,Sentetik kaotik; TSB-AD-U içinde,
SKAB / Skoltech Anomaly Benchmark,https://github.com/waico/SKAB,Global,GitHub/Web,Binary 0/1 labels,SKAB,,Kullanılıyor,benchmark,34 seri değerlendirmede; SKAB teaser (etiketsiz) eğitimde,skab
SKAB - anomaly-free,https://github.com/waico/SKAB/tree/master/data/anomaly-free,Global,GitHub/Web,Binary 0/1 labels,SKAB,,Kullanılıyor,benchmark,SKAB alt kümesi; değerlendirmede,
SKAB - valve1,https://github.com/waico/SKAB/tree/master/data/valve1,Global,GitHub/Web,Binary 0/1 labels,SKAB,,Kullanılıyor,benchmark,SKAB alt kümesi; değerlendirmede,
SKAB - valve2,https://github.com/waico/SKAB/tree/master/data/valve2,Global,GitHub/Web,Binary 0/1 labels,SKAB,,Kullanılıyor,benchmark,SKAB alt kümesi; değerlendirmede,
SKAB - other,https://github.com/waico/SKAB/tree/master/data/other,Global,GitHub/Web,Binary 0/1 labels,SKAB,,Kullanılıyor,benchmark,SKAB alt kümesi; değerlendirmede,
SMD / Server Machine Dataset,https://github.com/NetManAIOps/OmniAnomaly/tree/master/ServerMachineDataset,China,GitHub/Web,test_label files: 0/1 per timestamp,Tsinghua NetMan,,Kullanılıyor,benchmark,28 makine değerlendirmede,smd
PSM / Pooled Server Metrics,https://github.com/eBay/RANSynCoders/tree/main/data,Global,GitHub/Web,test_label.csv binary labels,PSM,,Kullanılıyor,benchmark,Değerlendirmede,psm
NASA SMAP,https://github.com/khundman/telemanom,Global,GitHub/Web,Labeled anomaly sequences; binary point labels can be generated,NASA telemetry,,Kullanılıyor,benchmark,Değerlendirmede (P-2 tekrar kanalı birleştirildi),smap
NASA MSL,https://github.com/khundman/telemanom,Global,GitHub/Web,Labeled anomaly sequences; binary point labels can be generated,NASA telemetry,,Kullanılıyor,benchmark,Değerlendirmede,msl
NASA SMAP + MSL data ZIP,https://s3-us-west-2.amazonaws.com/telemanom/data.zip,Global,S3,Use labeled_anomalies.csv to generate 0/1 labels,NASA telemetry,,Kopya / ayna,–,Kaggle kopyasından alındı; aynı veri,
NASA SMAP + MSL labeled anomalies,https://github.com/khundman/telemanom/blob/master/labeled_anomalies.csv,Global,GitHub/Web,Anomaly ranges; binary labels can be generated,NASA telemetry,,Kullanılıyor,benchmark,Etiket dosyası olarak kullanılıyor,
Exathlon,https://github.com/exathlonbenchmark/exathlon,Global,GitHub/Web,Binary 0/1 labels,Exathlon,,Sadece değerlendirme,benchmark,Spark kümesi; Benchmark ailesinde (TSB-AD/TSB-UAD/TimeEval/mTSBench); eğitime girerse ölçüm geçersiz olur,
SWaT,https://itrust.sutd.edu.sg/itrust-labs_datasets/dataset_info/#swat,Global,University / request,Normal/Attack label; binary transform,SWaT,,Sadece değerlendirme,benchmark,iTrust başvurusu gerekli; TSB-AD-M içinde,
WADI,https://itrust.sutd.edu.sg/itrust-labs_datasets/dataset_info/#wadi,Global,University / request,Attack labels; binary transform,WADI,,Eklenebilir,görülmemiş doğrulama,iTrust başvurusu gerekli; su dağıtım saldırıları. TSB-AD'de değilse görülmemiş doğrulama için değerli,
CATS / Controlled Anomalies Time Series,https://zenodo.org/records/8338435,Global,Zenodo,y column: 0/1,CATS,,Kullanılıyor,eğitim + tanıdık doğrulama,"İlk %70 eğitim ve bankada, son %30 doğrulama. TSB-AD'de CATSv2 var: resmi gönderimde çıkarılmalı",cats
CATS / Hugging Face mirror,https://huggingface.co/datasets/THULab/controlled-anomalies-time-series-dataset,China,Hugging Face,y column: 0/1,CATS / THULab mirror,,Kopya / ayna,–,CATS aynası,
ESA Anomaly Dataset,https://github.com/esa/anomaly-dataset,Global,GitHub/Web,Binary 0/1 labels,ESA,,Kullanılıyor,eğitim + görülmemiş doğrulama,"Mission 1 tam (eğitim, son %30 tanıdık doğrulama), Mission 2 görülmemiş; pozitif = Anomaly, Rare Event = -1",
ESA Anomaly Dataset - Zenodo,https://zenodo.org/records/12528696,Global,Zenodo,Binary 0/1 labels,ESA,,Kullanılıyor,eğitim + görülmemiş doğrulama,Zenodo'dan indirilen asıl kaynak,"esa_full, esa2"
PATH Multivariate Time-Series Anomaly Dataset,https://github.com/lcs-crr/PATH,Global,GitHub/Web,Binary 0/1 labels,PATH,,Eklenebilir,eğitim,"İncelendi: EV aktarma organı Simulink simülasyonu, MIT, 4.7–12.8 GB. TEP simülasyonu karşılıyor; ikinci parti",
WASD Wireless Anomaly Dataset,https://github.com/bk-squared/WASD,Global,GitHub/Web,Binary 0/1 labels,WASD,,Uygun değil,–,"İncelendi: spektrogram görüntüleri (zaman serisi değil), anomaliler sentetik bindirme; GPL-3.0",
NeurIPS-TS-UNI,https://github.com/carrtesy/TSADBench,Global,GitHub/Web,test_label.npy binary labels,NeurIPS-TS,,Uygun değil,–,Sentetik (NeurIPS-TS üreticisi),
NeurIPS-TS-MUL,https://github.com/carrtesy/TSADBench,Global,GitHub/Web,test_label.npy binary labels,NeurIPS-TS,,Uygun değil,–,Sentetik,
toyUSW,https://github.com/carrtesy/TSADBench,Global,GitHub/Web,test_label.npy binary labels,TSADBench,,Uygun değil,–,Oyuncak sentetik set,
NIPS-TS-GECCO,https://github.com/starry-Hz/anomaly_dataset/tree/main/NIPS-TS-GECCO,China,GitHub/Web,Binary 0/1 labels,Chinese anomaly_dataset mirror,,Sadece değerlendirme,benchmark,Su kalitesi (GECCO 2018); TSB-AD-M içinde,
NIPS-TS-SWAN,https://github.com/starry-Hz/anomaly_dataset/tree/main/NIPS-TS-SWAN,China,GitHub/Web,Binary 0/1 labels,Chinese anomaly_dataset mirror,,Sadece değerlendirme,benchmark,Güneş rüzgârı (SWAN-SF); benchmark,
KPI mirror,https://github.com/starry-Hz/anomaly_dataset/tree/main/KPI,China,GitHub/Web,Binary 0/1 labels,Chinese anomaly_dataset mirror,,Sadece değerlendirme,benchmark,AIOps 2018 KPI = TSB-AD IOPS,
SMD mirror,https://github.com/starry-Hz/anomaly_dataset/tree/main/SMD,China,GitHub/Web,Binary 0/1 labels,Chinese anomaly_dataset mirror,,Kopya / ayna,–,SMD aynası,
SMAP mirror,https://github.com/starry-Hz/anomaly_dataset/tree/main/SMAP,China,GitHub/Web,Binary 0/1 labels,Chinese anomaly_dataset mirror,,Kopya / ayna,–,SMAP aynası,
MSL mirror,https://github.com/starry-Hz/anomaly_dataset/tree/main/MSL,China,GitHub/Web,Binary 0/1 labels,Chinese anomaly_dataset mirror,,Kopya / ayna,–,MSL aynası,
PSM mirror,https://github.com/starry-Hz/anomaly_dataset/tree/main/PSM,China,GitHub/Web,Binary 0/1 labels,Chinese anomaly_dataset mirror,,Kopya / ayna,–,PSM aynası,
SWaT mirror/loader,https://github.com/starry-Hz/anomaly_dataset/tree/main/SWaT,China,GitHub/Web,Binary 0/1 labels,Chinese anomaly_dataset mirror,,Kopya / ayna,–,SWaT yükleyicisi; veri başvuruyla,
WADI mirror/loader,https://github.com/starry-Hz/anomaly_dataset/tree/main/WADI,China,GitHub/Web,Binary 0/1 labels,Chinese anomaly_dataset mirror,,Kopya / ayna,–,WADI yükleyicisi; veri başvuruyla,
TimeEval - CalIt2,https://timeeval.github.io/evaluation-paper/notebooks/Datasets.html,Global,Benchmark site,TimeEval canonical anomaly labels,TimeEval,,Sadece değerlendirme,benchmark,Bina giriş sayımları; Benchmark ailesinde (TSB-AD/TSB-UAD/TimeEval/mTSBench); eğitime girerse ölçüm geçersiz olur,
TimeEval - Daphnet,https://timeeval.github.io/evaluation-paper/notebooks/Datasets.html,Global,Benchmark site,TimeEval canonical anomaly labels,TimeEval,,Sadece değerlendirme,benchmark,Benchmark ailesinde (TSB-AD/TSB-UAD/TimeEval/mTSBench); eğitime girerse ölçüm geçersiz olur,
TimeEval - Dodgers,https://timeeval.github.io/evaluation-paper/notebooks/Datasets.html,Global,Benchmark site,TimeEval canonical anomaly labels,TimeEval,,Sadece değerlendirme,benchmark,Otoyol rampası sayacı; Benchmark ailesinde (TSB-AD/TSB-UAD/TimeEval/mTSBench); eğitime girerse ölçüm geçersiz olur,
TimeEval - Genesis,https://timeeval.github.io/evaluation-paper/notebooks/Datasets.html,Global,Benchmark site,TimeEval canonical anomaly labels,TimeEval,,Sadece değerlendirme,benchmark,Benchmark ailesinde (TSB-AD/TSB-UAD/TimeEval/mTSBench); eğitime girerse ölçüm geçersiz olur,
TimeEval - GHL,https://timeeval.github.io/evaluation-paper/notebooks/Datasets.html,Global,Benchmark site,TimeEval canonical anomaly labels,TimeEval,,Sadece değerlendirme,benchmark,Benchmark ailesinde (TSB-AD/TSB-UAD/TimeEval/mTSBench); eğitime girerse ölçüm geçersiz olur,
TimeEval - Kitsune,https://timeeval.github.io/evaluation-paper/notebooks/Datasets.html,Global,Benchmark site,TimeEval canonical anomaly labels,TimeEval,,Uygun değil,–,Ağ akışı öznitelikleri; zaman serisi değil (DDoS setiyle aynı nedenle),
TimeEval - LTDB,https://timeeval.github.io/evaluation-paper/notebooks/Datasets.html,Global,Benchmark site,TimeEval canonical anomaly labels,TimeEval,,Sadece değerlendirme,benchmark,EKG; Benchmark ailesinde (TSB-AD/TSB-UAD/TimeEval/mTSBench); eğitime girerse ölçüm geçersiz olur,
TimeEval - Metro,https://timeeval.github.io/evaluation-paper/notebooks/Datasets.html,Global,Benchmark site,TimeEval canonical anomaly labels,TimeEval,,Sadece değerlendirme,benchmark,Metro trafik hacmi; Benchmark ailesinde (TSB-AD/TSB-UAD/TimeEval/mTSBench); eğitime girerse ölçüm geçersiz olur,
TimeEval - MITDB,https://timeeval.github.io/evaluation-paper/notebooks/Datasets.html,Global,Benchmark site,TimeEval canonical anomaly labels,TimeEval,,Kullanılıyor,eğitim,MIT-BIH bizde eğitimde; resmi gönderimde çıkarılmalı,
TimeEval - NormA,https://timeeval.github.io/evaluation-paper/notebooks/Datasets.html,Global,Benchmark site,TimeEval canonical anomaly labels,TimeEval,,Uygun değil,–,Sentetik; kendi üreticimiz var,
TimeEval - Occupancy,https://timeeval.github.io/evaluation-paper/notebooks/Datasets.html,Global,Benchmark site,TimeEval canonical anomaly labels,TimeEval,,Kullanılıyor,eğitim,UCI Occupancy eğitimde (etiketsiz),
TimeEval - OPPORTUNITY,https://timeeval.github.io/evaluation-paper/notebooks/Datasets.html,Global,Benchmark site,TimeEval canonical anomaly labels,TimeEval,,Sadece değerlendirme,benchmark,Benchmark ailesinde (TSB-AD/TSB-UAD/TimeEval/mTSBench); eğitime girerse ölçüm geçersiz olur,
TimeEval - SVDB,https://timeeval.github.io/evaluation-paper/notebooks/Datasets.html,Global,Benchmark site,TimeEval canonical anomaly labels,TimeEval,,Sadece değerlendirme,benchmark,EKG; Benchmark ailesinde (TSB-AD/TSB-UAD/TimeEval/mTSBench); eğitime girerse ölçüm geçersiz olur,
TimeEval - SMD,https://timeeval.github.io/evaluation-paper/notebooks/Datasets.html,Global,Benchmark site,TimeEval canonical anomaly labels,TimeEval,,Kullanılıyor,benchmark,Zaten değerlendirmede,
TimeEval - SMAP,https://timeeval.github.io/evaluation-paper/notebooks/Datasets.html,Global,Benchmark site,TimeEval canonical anomaly labels,TimeEval,,Kullanılıyor,benchmark,Zaten değerlendirmede,
TimeEval - MSL,https://timeeval.github.io/evaluation-paper/notebooks/Datasets.html,Global,Benchmark site,TimeEval canonical anomaly labels,TimeEval,,Kullanılıyor,benchmark,Zaten değerlendirmede,
TimeEval - NAB,https://timeeval.github.io/evaluation-paper/notebooks/Datasets.html,Global,Benchmark site,TimeEval canonical anomaly labels,TimeEval,,Kullanılıyor,benchmark,Zaten değerlendirmede,
TimeEval - UCR/KDD21,https://timeeval.github.io/evaluation-paper/notebooks/Datasets.html,Global,Benchmark site,TimeEval canonical anomaly labels,TimeEval,,Kullanılıyor,benchmark,Zaten değerlendirmede,
TimeEval - GutenTAG,https://timeeval.github.io/evaluation-paper/notebooks/Datasets.html,Global,Benchmark site,TimeEval canonical anomaly labels,TimeEval,,Uygun değil,–,Sentetik üretici; kendi üreticimiz var,
TimeEval - TODS/NeurIPS-TS,https://timeeval.github.io/evaluation-paper/notebooks/Datasets.html,Global,Benchmark site,TimeEval canonical anomaly labels,TimeEval,,Uygun değil,–,Sentetik; kendi üreticimiz var,
TimeEval - CATSv2,https://timeeval.github.io/evaluation-paper/notebooks/Datasets.html,Global,Benchmark site,TimeEval canonical anomaly labels,TimeEval,,Kullanılıyor,eğitim + tanıdık doğrulama,CATS kullanılıyor; resmi gönderimde çıkarılmalı,
TimeEval - Exathlon,https://timeeval.github.io/evaluation-paper/notebooks/Datasets.html,Global,Benchmark site,TimeEval canonical anomaly labels,TimeEval,,Sadece değerlendirme,benchmark,Benchmark ailesinde (TSB-AD/TSB-UAD/TimeEval/mTSBench); eğitime girerse ölçüm geçersiz olur,
TimeEval repository,https://github.com/TimeEval/TimeEval,Global,GitHub/Web,Binary 0/1 labels,TimeEval,,Katalog / araç,–,Değerlendirme çerçevesi,
mTSBench - CalIt2,https://github.com/PLAN-Lab/mTSBench,Global,GitHub/Web,Benchmark anomaly ground truth,mTSBench,,Sadece değerlendirme,benchmark,Benchmark ailesinde (TSB-AD/TSB-UAD/TimeEval/mTSBench); eğitime girerse ölçüm geçersiz olur,
mTSBench - CreditCard,https://github.com/PLAN-Lab/mTSBench,Global,GitHub/Web,Benchmark anomaly ground truth,mTSBench,,Uygun değil,–,Tablo / ağ akışı verisi; zaman serisi değil,
mTSBench - Daphnet,https://github.com/PLAN-Lab/mTSBench,Global,GitHub/Web,Benchmark anomaly ground truth,mTSBench,,Sadece değerlendirme,benchmark,Benchmark ailesinde (TSB-AD/TSB-UAD/TimeEval/mTSBench); eğitime girerse ölçüm geçersiz olur,
mTSBench - Exathlon,https://github.com/PLAN-Lab/mTSBench,Global,GitHub/Web,Benchmark anomaly ground truth,mTSBench,,Sadece değerlendirme,benchmark,Benchmark ailesinde (TSB-AD/TSB-UAD/TimeEval/mTSBench); eğitime girerse ölçüm geçersiz olur,
mTSBench - GECCO,https://github.com/PLAN-Lab/mTSBench,Global,GitHub/Web,Benchmark anomaly ground truth,mTSBench,,Sadece değerlendirme,benchmark,Benchmark ailesinde (TSB-AD/TSB-UAD/TimeEval/mTSBench); eğitime girerse ölçüm geçersiz olur,
mTSBench - GHL,https://github.com/PLAN-Lab/mTSBench,Global,GitHub/Web,Benchmark anomaly ground truth,mTSBench,,Sadece değerlendirme,benchmark,Benchmark ailesinde (TSB-AD/TSB-UAD/TimeEval/mTSBench); eğitime girerse ölçüm geçersiz olur,
mTSBench - Genesis,https://github.com/PLAN-Lab/mTSBench,Global,GitHub/Web,Benchmark anomaly ground truth,mTSBench,,Sadece değerlendirme,benchmark,Benchmark ailesinde (TSB-AD/TSB-UAD/TimeEval/mTSBench); eğitime girerse ölçüm geçersiz olur,
mTSBench - GutenTAG,https://github.com/PLAN-Lab/mTSBench,Global,GitHub/Web,Benchmark anomaly ground truth,mTSBench,,Uygun değil,–,Sentetik üretici,
mTSBench - MITDB,https://github.com/PLAN-Lab/mTSBench,Global,GitHub/Web,Benchmark anomaly ground truth,mTSBench,,Kullanılıyor,eğitim,MIT-BIH eğitimde; resmi gönderimde çıkarılmalı,
mTSBench - MSL,https://github.com/PLAN-Lab/mTSBench,Global,GitHub/Web,Benchmark anomaly ground truth,mTSBench,,Kullanılıyor,benchmark,Zaten değerlendirmede,
mTSBench - OPPORTUNITY,https://github.com/PLAN-Lab/mTSBench,Global,GitHub/Web,Benchmark anomaly ground truth,mTSBench,,Sadece değerlendirme,benchmark,Benchmark ailesinde (TSB-AD/TSB-UAD/TimeEval/mTSBench); eğitime girerse ölçüm geçersiz olur,
mTSBench - Occupancy,https://github.com/PLAN-Lab/mTSBench,Global,GitHub/Web,Benchmark anomaly ground truth,mTSBench,,Kullanılıyor,eğitim,UCI Occupancy eğitimde,
mTSBench - PSM,https://github.com/PLAN-Lab/mTSBench,Global,GitHub/Web,Benchmark anomaly ground truth,mTSBench,,Kullanılıyor,benchmark,Zaten değerlendirmede,
mTSBench - SMAP,https://github.com/PLAN-Lab/mTSBench,Global,GitHub/Web,Benchmark anomaly ground truth,mTSBench,,Kullanılıyor,benchmark,Zaten değerlendirmede,
mTSBench - SMD,https://github.com/PLAN-Lab/mTSBench,Global,GitHub/Web,Benchmark anomaly ground truth,mTSBench,,Kullanılıyor,benchmark,Zaten değerlendirmede,
mTSBench - SVDB,https://github.com/PLAN-Lab/mTSBench,Global,GitHub/Web,Benchmark anomaly ground truth,mTSBench,,Sadece değerlendirme,benchmark,Benchmark ailesinde (TSB-AD/TSB-UAD/TimeEval/mTSBench); eğitime girerse ölçüm geçersiz olur,
mTSBench - CIC-IDS-2017,https://github.com/PLAN-Lab/mTSBench,Global,GitHub/Web,Benchmark anomaly ground truth,mTSBench,,Uygun değil,–,Tablo / ağ akışı verisi; zaman serisi değil,
mTSBench - Metro,https://github.com/PLAN-Lab/mTSBench,Global,GitHub/Web,Benchmark anomaly ground truth,mTSBench,,Sadece değerlendirme,benchmark,Benchmark ailesinde (TSB-AD/TSB-UAD/TimeEval/mTSBench); eğitime girerse ölçüm geçersiz olur,
mTSBench - SWAN-SF,https://github.com/PLAN-Lab/mTSBench,Global,GitHub/Web,Benchmark anomaly ground truth,mTSBench,,Sadece değerlendirme,benchmark,Benchmark ailesinde (TSB-AD/TSB-UAD/TimeEval/mTSBench); eğitime girerse ölçüm geçersiz olur,
Tsinghua CTF_dataset,https://github.com/NetManAIOps/CTF_data,China,GitHub/Web,label_result files: 0/1 per timestamp,Tsinghua NetMan,"533 machines, 49 KPIs",Kullanılıyor,eğitim + görülmemiş doğrulama,"İndiriliyor: 533 makine × 49 KPI, 30 sn; test günleri etiketli; %20 makine görülmemiş. Lisans belirtilmemiş","ctf, ctf_val"
Tsinghua DOMI_dataset,https://github.com/NetManAIOps/DOMI_dataset,China,GitHub/Web,test_label files: 0/1 per time-series instance/day,Tsinghua NetMan,1821 machines,Uygun değil,–,"Etiket gün/örnek bazında, zaman çizgisi değil",
Tsinghua AIOps 2018 KPI Anomaly Detection,https://github.com/NetManAIOps/KPI-Anomaly-Detection,China,GitHub/Web,Anomaly labels in competition dataset,Tsinghua NetMan / AIOps 2018,,Sadece değerlendirme,benchmark,= IOPS (TSB-AD),
AIOps-2018 KPI TSAD preprocessed 29 series,https://github.com/INSIS-TSAD/AIOps-2018-KPI-TSAD,China,GitHub/Web,29 separated labeled KPI time series,AIOps 2018,,Kopya / ayna,–,IOPS'un işlenmiş kopyası,
Tsinghua AIOps Challenge 2020 Data,https://github.com/NetManAIOps/AIOps-Challenge-2020-Data,China,GitHub/Web,Failure time/type ground truth; binary windows derivable,AIOps Challenge 2020,,Uygun değil,–,İncelendi: lisans yalnızca ticari olmayan kullanım; açık model ağırlıklarına girmemeli,
OpenAIOps AIOps Challenge 2021 Data,https://www.aiops.cn/gitlab/aiops-nankai/data/trace/aiops2021,China,GitLab / OpenAIOps,Anomaly/fault annotations,AIOps Challenge 2021,,Eklenebilir,eğitim,Arıza etiketli; aiops.cn GitLab erişimi kontrol edilmeli,
OpenAIOps AIOps Challenge 2025 Data,https://www.aiops.cn/gitlab/aiops-live-benchmark/agenticopseval/-/tree/main/AIOps2025,China,GitLab / OpenAIOps,400 fault cases with ground truth windows/labels,AIOps Challenge 2025,,Eklenebilir,görülmemiş doğrulama,"400 arıza vakası, zaman pencereli; erişim kontrol edilmeli. Yeni olduğu için görülmemiş doğrulama adayı",
GAIA AIOps Dataset,https://github.com/CloudWise-OpenSource/GAIA-DataSet,China,GitHub/Web,Anomaly injection records; binary windows derivable,GAIA / CloudWise,,Eklenebilir,eğitim,Enjekte arızalar; ikinci parti adayı (ASD bilişimi zaten kapsıyor),
OpenAIOps multimodal labeled dataset index,https://www.aiops.cn/%E5%A4%9A%E6%A8%A1%E6%80%81%E6%95%B0%E6%8D%AE/,China,OpenAIOps,Index of datasets with anomaly annotations,OpenAIOps,,Katalog / araç,–,Katalog; yeni aday aramak için,
CSTCloudOps TSAD datasets master,https://github.com/CSTCloudOps/datasets,China,GitHub/Web,train_label.npy + test_label.npy (binary),EasyTSAD / TimeSeriesBench,,Kopya / ayna,–,Bilinen benchmark'ların birleşik biçimi,
CSTCloudOps EasyTSAD UTS - AIOPS,https://github.com/CSTCloudOps/datasets/tree/main/UTS,China,GitHub/Web,train_label.npy + test_label.npy (binary),EasyTSAD UTS,,Sadece değerlendirme,benchmark,= IOPS,
CSTCloudOps EasyTSAD UTS - WSD,https://github.com/CSTCloudOps/datasets/tree/main/UTS,China,GitHub/Web,train_label.npy + test_label.npy (binary),EasyTSAD UTS,,Sadece değerlendirme,benchmark,WSD (TSB-AD-U içinde),
CSTCloudOps EasyTSAD UTS - NAB,https://github.com/CSTCloudOps/datasets/tree/main/UTS,China,GitHub/Web,train_label.npy + test_label.npy (binary),EasyTSAD UTS,,Kopya / ayna,–,NAB kopyası,
CSTCloudOps EasyTSAD UTS - Yahoo,https://github.com/CSTCloudOps/datasets/tree/main/UTS,China,GitHub/Web,train_label.npy + test_label.npy (binary),EasyTSAD UTS,,Kopya / ayna,–,Yahoo kopyası,
CSTCloudOps EasyTSAD UTS - UCR,https://github.com/CSTCloudOps/datasets/tree/main/UTS,China,GitHub/Web,train_label.npy + test_label.npy (binary),EasyTSAD UTS,,Kopya / ayna,–,UCR kopyası,
CSTCloudOps EasyTSAD UTS - TODS,https://github.com/CSTCloudOps/datasets/tree/main/UTS,China,GitHub/Web,train_label.npy + test_label.npy (binary),EasyTSAD UTS,,Uygun değil,–,TODS sentetik,
CSTCloudOps EasyTSAD MTS - SMD,https://github.com/CSTCloudOps/datasets/tree/main/MTS,China,GitHub/Web,train_label.npy + test_label.npy (binary),EasyTSAD MTS,,Kopya / ayna,–,SMD kopyası,
CSTCloudOps EasyTSAD MTS - SWaT,https://github.com/CSTCloudOps/datasets/tree/main/MTS,China,GitHub/Web,train_label.npy + test_label.npy (binary),EasyTSAD MTS,,Kopya / ayna,–,SWaT kopyası (lisans başvurulu),
CSTCloudOps EasyTSAD MTS - WADI,https://github.com/CSTCloudOps/datasets/tree/main/MTS,China,GitHub/Web,train_label.npy + test_label.npy (binary),EasyTSAD MTS,,Kopya / ayna,–,WADI kopyası (lisans başvurulu),
CSTCloudOps EasyTSAD MTS - SMAP,https://github.com/CSTCloudOps/datasets/tree/main/MTS,China,GitHub/Web,train_label.npy + test_label.npy (binary),EasyTSAD MTS,,Kopya / ayna,–,SMAP kopyası,
CSTCloudOps EasyTSAD MTS - MSL,https://github.com/CSTCloudOps/datasets/tree/main/MTS,China,GitHub/Web,train_label.npy + test_label.npy (binary),EasyTSAD MTS,,Kopya / ayna,–,MSL kopyası,
CSTCloudOps EasyTSAD MTS - PSM,https://github.com/CSTCloudOps/datasets/tree/main/MTS,China,GitHub/Web,train_label.npy + test_label.npy (binary),EasyTSAD MTS,,Kopya / ayna,–,PSM kopyası,
NEK / Network Equipment KPI,https://github.com/CSTCloudOps/Dataset-for-TSAD,China,GitHub/Web,Processed EasyTSAD anomaly labels,TimeSeriesBench / CSTCloudOps,,Sadece değerlendirme,benchmark,TSB-AD-U içinde,
EasyTSAD / TimeSeriesBench,https://github.com/dawnvince/EasyTSAD,China,GitHub/Web,Unified train_label.npy/test_label.npy format,TimeSeriesBench,,Katalog / araç,–,Değerlendirme çerçevesi,
CSTCloudOps EasyTSAD mirror,https://github.com/CSTCloudOps/EasyTSAD,China,GitHub/Web,Unified binary label arrays,TimeSeriesBench,,Katalog / araç,–,Çerçeve aynası,
TODS anomaly datasets,https://github.com/datamllab/tods/tree/master/datasets,Global,GitHub,Target anomaly label column used by TODS,TODS,,Uygun değil,–,Sentetik,
TODS repository,https://github.com/datamllab/tods,Global,GitHub,Supports binary target labels,TODS,,Katalog / araç,–,Araç,
TS-AD-Datasets master archive,https://github.com/elisejiuqizhang/TS-AD-Datasets,Global,GitHub/Web,Binary 0/1 labels,Dataset archive,,Katalog / araç,–,Link listesi; incelendi,
Awesome MTSAD Datasets and Metrics,https://github.com/juhar1github/Awesome-MTSAD-Datasets-and-Metrics,Global,GitHub/Web,Binary 0/1 labels,Dataset catalog,,Katalog / araç,–,Katalog,
DTAI Anomaly UCR mirror,https://github.com/ML-KULeuven/dtaianomaly/tree/main/data/UCR-time-series-anomaly-archive,Global,GitHub/Web,Binary 0/1 labels,UCR mirror,,Kopya / ayna,–,UCR aynası,
Industrial TS datasets catalog,https://github.com/JiansheFengRe/industrial-ts-datasets,China,GitHub/Web,Binary 0/1 labels,Chinese curated catalog,,Katalog / araç,–,Endüstriyel katalog; yeni gerçek kaynak aramak için taranmalı,
Microsoft Cloud Monitoring Dataset,https://github.com/microsoft/cloud-monitoring-dataset,Global,GitHub/Web,"CSV columns: TimeStamp, Value, Label (0/1)",Cloud monitoring,,Kullanılıyor,görülmemiş doğrulama,"İndiriliyor: 9 gerçek bulut metriği, MIT; tamamı görülmemiş doğrulama",msft
LOTSA (Salesforce),https://huggingface.co/datasets/Salesforce/lotsa_data,Global,Hugging Face,Etiketsiz,Bizim havuz (tisan),,Kullanılıyor,eğitim,"100 alt küme örneklemi, 12.109 seri; normal arka plan + ön eğitim",lotsa
HAI Security Dataset (20.07/21.03/22.04/23.05),https://www.kaggle.com/datasets/icsdataset/hai-security-dataset,Global,Kaggle,Satır/hücre (attack_P1–P3),Bizim havuz (tisan),,Kullanılıyor,eğitim + tanıdık doğrulama,"20.07/21.03 test eğitimde, 22.04/23.05 test doğrulama/kalibrasyon",hai
MetroPT-3,https://archive.ics.uci.edu/dataset/791/metropt+3+dataset,Global,UCI / Kaggle,Makaledeki arıza aralıkları,Bizim havuz (tisan),,Kullanılıyor,görülmemiş doğrulama,Döngüsel kompresör; v6'da ters skor (döngü durması) → üreticiye eklendi,metropt
Pump sensor data,https://www.kaggle.com/datasets/nphantawee/pump-sensor-data,Global,Kaggle,BROKEN/RECOVERING,Bizim havuz (tisan),,Kullanılıyor,görülmemiş doğrulama,Lisans belirsiz,pump
Tennessee Eastman Process (Rieth 2017),https://www.kaggle.com/datasets/afrniomelo/tep-csv,Global,Kaggle,20. örnekten sonra arıza,Bizim havuz (tisan),,Kullanılıyor,eğitim,Simülasyon; 550 koşu,tep
NASA C-MAPSS,https://www.kaggle.com/datasets/behrad3d/nasa-cmaps,Global,Kaggle,"Son 25 çevrim (zayıf etiket, ağırlık 0.2)",Bizim havuz (tisan),,Kullanılıyor,eğitim,,cmapss
NASA IMS Bearing,https://www.kaggle.com/datasets/vinayak123tyagi/bearing-dataset,Global,Kaggle,Son %8 (zayıf) / ham etiketsiz,Bizim havuz (tisan),,Kullanılıyor,eğitim,Özellik serisi + ham anlık kayıtlar,ims_bearing
FEMTO / PRONOSTIA (PHM 2012),https://github.com/wkzs111/phm-ieee-2012-data-challenge-dataset,Global,GitHub,Son %8 (zayıf),Bizim havuz (tisan),,Kullanılıyor,eğitim,,femto
Bosch CNC Machining,https://www.kaggle.com/datasets/maximilianfellhuber/cnc-machining-data,Global,Kaggle,Kötü proses = 1,Bizim havuz (tisan),,Kullanılıyor,eğitim,,bosch_cnc
UCI Condition Monitoring of Hydraulic Systems,https://www.kaggle.com/datasets/jjacostupa/condition-monitoring-of-hydraulic-systems,Global,Kaggle,Etiketsiz (DOE),Bizim havuz (tisan),,Kullanılıyor,eğitim,,hydraulic
CNC Mill Tool Wear (U. Michigan),https://www.kaggle.com/datasets/shasun/tool-wear-detection-in-cnc-mill,Global,Kaggle,Etiketsiz,Bizim havuz (tisan),,Kullanılıyor,eğitim,,cnc
Wind turbine gearbox SCADA (aiwithcagri),https://www.kaggle.com/datasets/aiwithcagri/wind-turbine-gearbox-anomaly-detection-5year-scada,Global,Kaggle,is_anomaly (labeled) / yok,Bizim havuz (tisan),,Kullanılıyor,eğitim + kalibrasyon,Kullanıcıya ait,wind_gearbox
MIT-BIH Arrhythmia (PhysioNet CSV),https://www.kaggle.com/datasets/protobioengineering/mit-bih-arrhythmia-database-modern-2023,Global,Kaggle,Anormal atım ±0.15 sn,Bizim havuz (tisan),,Kullanılıyor,eğitim,TSB-AD'de MITDB var: resmi gönderimde çıkarılmalı,mitbih
BIDMC PPG and Respiration,https://www.kaggle.com/datasets/ranjithaht/bidmc-ppg-and-respiration-dataset,Global,Kaggle,Etiketsiz,Bizim havuz (tisan),,Kullanılıyor,eğitim,,bidmc
BATADAL,https://www.kaggle.com/datasets/minhbtnguyen/batadal-a-dataset-for-cyber-attack-detection,Global,Kaggle,ATT_FLAG,Bizim havuz (tisan),,Kullanılıyor,görülmemiş doğrulama,"Tamamı doğrulamada, bankada yok",batadal
LBNL Automated FDD for Buildings,https://www.kaggle.com/datasets/claytonmiller/lbnl-automated-fault-detection-for-buildings-data,Global,Kaggle,Fault Detection Ground Truth,Bizim havuz (tisan),,Kullanılıyor,eğitim,,lbnl
Loghub BGL,https://www.kaggle.com/datasets/praanjaljain/loghub-cross-domain-logs-hdfs-bgl-openstack,Global,Kaggle,Dakikalık alarm,Bizim havuz (tisan),,Kullanılıyor,eğitim,Log satırından sayaç serisi,loghub
Telecom Italia Milano,https://www.kaggle.com/datasets/marcodena/mobile-phone-activity,Global,Kaggle,Etiketsiz,Bizim havuz (tisan),,Kullanılıyor,eğitim,,telecom_milan
VED Vehicle Energy Dataset,https://www.kaggle.com/datasets/starben/ved-refined-20m-engine-records-part-22,Global,Kaggle,Etiketsiz,Bizim havuz (tisan),,Kullanılıyor,eğitim,,ved
Huge Stock Market Dataset,https://www.kaggle.com/datasets/borismarjanovic/price-volume-data-for-all-us-stocks-etfs,Global,Kaggle,Etiketsiz,Bizim havuz (tisan),,Kullanılıyor,eğitim,,stocks
Binance full history (1 dk),https://www.kaggle.com/datasets/jorijnsmit/binance-full-history,Global,Kaggle,Etiketsiz,Bizim havuz (tisan),,Kullanılıyor,eğitim,Lisans belirsiz,binance
DAMADICS actuator benchmark,https://www.kaggle.com/datasets/afrniomelo/damadics-actuator-benchmark-lublin-sugar-factory,Global,Kaggle,Etiketsiz,Bizim havuz (tisan),,Kullanılıyor,eğitim,,damadics
ASD (InterFusion),https://github.com/zhhlee/InterFusion/tree/main/data/processed,Global,GitHub,test_label,Bizim havuz (tisan),,Kullanılıyor,görülmemiş doğrulama,Tamamı doğrulamada,asd
UCI Air Quality / Appliances / Occupancy,https://archive.ics.uci.edu/,Global,UCI,Etiketsiz,Bizim havuz (tisan),,Kullanılıyor,eğitim,,uci
kantine LeRobot robot anomaly sets,https://huggingface.co/kantine,Global,Hugging Face,Bölüm bazında,Bizim havuz (tisan),,Kullanılıyor,eğitim,Robotik,kantine
LEAD1.0 (200 bina),https://github.com/samy101/lead-dataset,Global,GitHub,Satır bazında elle,Bizim havuz (tisan),,Kullanılıyor,eğitim + görülmemiş doğrulama,%20 bina görülmemiş,"lead, lead_val"
Petrobras 3W 2.0 (gerçek örnekler),https://github.com/petrobras/3W,Global,GitHub,Satır bazında class,Bizim havuz (tisan),,Kullanılıyor,eğitim + görülmemiş doğrulama,%20 kuyu görülmemiş; simüle/çizilmiş örnekler alınmadı,"w3, w3_val"
REFIT Electrical Load (6 ev),https://www.kaggle.com/datasets/kyleahmurphy/uk-electrical-load,Global,Kaggle,Etiketsiz,Bizim havuz (tisan),,Kullanılıyor,eğitim,Açma-kapama normalleri,refit
CARE to Compare,https://zenodo.org/records/14006163,Global,Zenodo,Arıza öncesi pencere + durum,Bizim havuz (tisan),,Kullanılıyor,eğitim + görülmemiş doğrulama,"A/B eğitim, C görülmemiş","care, care_c"
SKAB teaser,https://www.kaggle.com/datasets/yuriykatser/skoltech-anomaly-benchmark-skab-teaser,Global,Kaggle,Etiketsiz,Bizim havuz (tisan),,Kullanılıyor,eğitim,,skab_teaser
Financial transactions fraud (Kaggle),https://www.kaggle.com/datasets/aryan208/financial-transactions-dataset-for-fraud-detection,Global,Kaggle,is_fraud,Bizim havuz (tisan),,Uygun değil,–,"Reddedildi: tamamen rastgele üretilmiş (düz dağılım, Poisson hacim)",
"CIC-DDoS (Kaggle, aslında CIC-IDS2017 Cuma)",https://www.kaggle.com/datasets/aymenabb/ddos-evaluation-dataset-cic-ddos2019,Global,Kaggle,Label,Bizim havuz (tisan),,Uygun değil,–,"Reddedildi: akış tablosu, 92 dk",
GlucoBench,https://www.kaggle.com/datasets/omenkj/glucobench-glucose-monitoring-and-lifestyle-data,Global,Kaggle,–,Bizim havuz (tisan),,Uygun değil,–,Reddedildi: nabız/cilt sıcaklığı beyaz gürültü (sentetik),
Industrial sensor anomaly (Petsteb / THULab HF),https://huggingface.co/datasets/Petsteb/industrial-sensor-anomaly-data,Global,Hugging Face,–,Bizim havuz (tisan),,Uygun değil,–,Reddedildi: kendi etiketiyle sentetik,
lifelonglab continual-*-anomaly-detection,https://huggingface.co/lifelonglab,Global,Hugging Face,label,Bizim havuz (tisan),,Uygun değil,–,"Reddedildi: karıştırılmış tablo, zaman sırası yok",
"PPG-DaLiA (işlenmiş, npz)",https://www.kaggle.com/datasets/itachiuciha/ppg-dalia-processed,Global,Kaggle,–,Bizim havuz (tisan),,Uygun değil,–,"Reddedildi: 8 sn'lik parçalar, sürekli seri değil",
AI4I 2020 / SECOM / Electrical Grid Stability / Gas Sensor Drift,https://archive.ics.uci.edu/,Global,UCI,–,Bizim havuz (tisan),,Uygun değil,–,"Tablo verisi, zaman serisi değil",
MIMII / ToyADMOS / DCASE,https://zenodo.org/records/3384388,Global,Zenodo,–,Bizim havuz (tisan),,Uygun değil,–,Ses; spektral özellik çıkarımı gerekir,
OPS-SAT-AD,https://github.com/kplabs-pl/OPS-SAT-AD,Global,GitHub,Parça bazında,Bizim havuz (tisan),,Uygun değil,–,Etiket zaman çizgisinde değil,
MetroPT-2,https://zenodo.org/records/7766691,Global,Zenodo,Arıza raporu,Bizim havuz (tisan),,Uygun değil,–,Şimdilik alınmadı: MetroPT-3 görülmemiş doğrulamayı kirletir,
GPVS-Faults,https://data.mendeley.com/datasets/n76t439f65/1,Global,Mendeley,Deney bazında,Bizim havuz (tisan),,Eklenebilir,eğitim,İkinci parti adayı: kısa laboratuvar deneyleri,
Kelmarsh wind farm SCADA,https://zenodo.org/records/5841834,Global,Zenodo,Olay logu (zayıf),Bizim havuz (tisan),,Eklenebilir,eğitim,İkinci parti adayı: normal davranış + zayıf etiket,
OEDI building FDD datasets (RP-1312 vb.),https://data.openei.org/submissions/910,Global,OEDI,Arıza durumu,Bizim havuz (tisan),,Eklenebilir,eğitim,İkinci parti: yalnız gerçek deney kısmı (simülasyon kısmı değil),
